title,price,location,ambientes,banos,metros_cuadrados,link
"Alquiler 2 Dormitorio Al Frente - Ituzaingo 630, Rosario",330000.0,"Ituzaingó 630, Abasto, Rosario, Santa Fe",3,1,60.0,https://departamento.mercadolibre.com.ar/MLA-1943824450-alquiler-2-dormitorio-al-frente-ituzaingo-630-rosario-_JM#polycard_client=search-nordic&position=1&search_layout=grid&type=item&tracking_id=754f0139-c965-470f-83c7-c4e057c3aa04
Alquiler Departamento Un Dormitorio Rosario Centro,300.0,"Catamarca 2127 05-02, Centro, Rosario, Santa Fe",2,1,31.0,https://departamento.mercadolibre.com.ar/MLA-1457572819-alquiler-departamento-un-dormitorio-rosario-centro-_JM#polycard_client=search-nordic&position=2&search_layout=grid&type=item&tracking_id=754f0139-c965-470f-83c7-c4e057c3aa04
Departamento En Alquiler Un Dormitorio Amueblado.,550000.0,"Bulevar Oroño Al 1000, Centro, Rosario, Santa Fe",2,1,40.0,https://departamento.mercadolibre.com.ar/MLA-1940260528-departamento-en-alquiler-un-dormitorio-amueblado-_JM#polycard_client=search-nordic&position=3&search_layout=grid&type=item&tracking_id=754f0139-c965-470f-83c7-c4e057c3aa04
Alquiler Departamento Un Dormitorio Zona Centro,265000.0,"3 De Febrero Al 2400, Rosario, Santa Fe",2,1,43.0,https://departamento.mercadolibre.com.ar/MLA-1456635131-alquiler-departamento-un-dormitorio-zona-centro-_JM#polycard_client=search-nordic&position=4&search_layout=grid&type=item&tracking_id=754f0139-c965-470f-83c7-c4e057c3aa04
Departamento En Venta Barrio Martin Rosario - 1 Dormitorio,190000.0,"Alem Y 9 De Julio, Martin, Rosario, Santa Fe",2,1,32.0,https://departamento.mercadolibre.com.ar/MLA-1457636625-departamento-en-venta-barrio-martin-rosario-1-dormitorio-_JM#polycard_client=search-nordic&position=5&search_layout=grid&type=item&tracking_id=754f0139-c965-470f-83c7-c4e057c3aa04
Alquiler Departamento Monoambiente En Rosario - Centro,420000.0,"Córdoba Al 600, Centro, Rosario, Santa Fe",1,1,38.0,https://departamento.mercadolibre.com.ar/MLA-1457660835-alquiler-departamento-monoambiente-en-rosario-centro-_JM#polycard_client=search-nordic&position=6&search_layout=grid&type=item&tracking_id=754f0139-c965-470f-83c7-c4e057c3aa04
"Dpto En Alquiler - 1 Dormitorio C/galería Exclusiva - Centro,rosario- Dorrego Al 200",250000.0,"Dorrego 220, Centro, Rosario, Santa Fe",2,1,40.0,https://departamento.mercadolibre.com.ar/MLA-1940231470-dpto-en-alquiler-1-dormitorio-cgaleria-exclusiva-centrorosario-dorrego-al-200-_JM#polycard_client=search-nordic&position=7&search_layout=grid&type=item&tracking_id=754f0139-c965-470f-83c7-c4e057c3aa04
Dpto 1 Dorm. En Alquiler- C/balcón- Gas Natural-rep. De La Sexta- 1 De Mayo 1900,270000.0,"1 De Mayo 1970, República De La Sexta, Rosario, Santa Fe",2,1,100.0,https://departamento.mercadolibre.com.ar/MLA-1936213152-dpto-1-dorm-en-alquiler-cbalcon-gas-natural-rep-de-la-sexta-1-de-mayo-1900-_JM#polycard_client=search-nordic&position=8&search_layout=grid&type=item&tracking_id=754f0139-c965-470f-83c7-c4e057c3aa04
"En Alquiler - Monoambiente Con Balcón - San Nicolas Al 1200, Echesortu, Rosario",125000.0,"San Nicolás 1243, Echesortu, Rosario, Santa Fe",1,1,27.0,https://departamento.mercadolibre.com.ar/MLA-1448240509-en-alquiler-monoambiente-con-balcon-san-nicolas-al-1200-echesortu-rosario-_JM#polycard_client=search-nordic&position=9&search_layout=grid&type=item&tracking_id=754f0139-c965-470f-83c7-c4e057c3aa04
Alquiler Departamento Monoambiente Amoblado Rosario,230000.0,"Colon Al 1900. Entre Pasco Y Ituzaingo, República De La Sexta, Rosario, Santa Fe",1,1,27.0,https://departamento.mercadolibre.com.ar/MLA-1897077354-alquiler-departamento-monoambiente-amoblado-rosario-_JM#polycard_client=search-nordic&position=10&search_layout=grid&type=item&tracking_id=754f0139-c965-470f-83c7-c4e057c3aa04
Alquiler Departamento 1 Dormitorio Con Cochera Torre Boreal,400000.0,"Bv. Rondeau 1844, Alberdi, Rosario, Santa Fe",2,1,34.0,https://departamento.mercadolibre.com.ar/MLA-1452907521-alquiler-departamento-1-dormitorio-con-cochera-torre-boreal-_JM#polycard_client=search-nordic&position=11&search_layout=grid&type=item&tracking_id=754f0139-c965-470f-83c7-c4e057c3aa04
Alquiler Departamento Premium En Oasis Del Yacht,2500.0,"José Hernández 1200, Centro, Rosario, Santa Fe",3,2,200.0,https://departamento.mercadolibre.com.ar/MLA-1452426519-alquiler-departamento-premium-en-oasis-del-yacht-_JM#polycard_client=search-nordic&position=12&search_layout=grid&type=item&tracking_id=754f0139-c965-470f-83c7-c4e057c3aa04
Alquiler Departamento Un Dormitorio Rosario Centro,350.0,"Catamarca 2127 05-02, Centro, Rosario, Santa Fe",2,1,31.0,https://departamento.mercadolibre.com.ar/MLA-1454399781-alquiler-departamento-un-dormitorio-rosario-centro-_JM#polycard_client=search-nordic&position=13&search_layout=grid&type=item&tracking_id=754f0139-c965-470f-83c7-c4e057c3aa04
Alquiler Departamento / Oficina 180 Mts2 Piso Exclusivo En Rosario - Centro,650000.0,"Rioja Al 1838, Centro, Rosario, Santa Fe",7,2,180.0,https://departamento.mercadolibre.com.ar/MLA-1935247494-alquiler-departamento-oficina-180-mts2-piso-exclusivo-en-rosario-centro-_JM#polycard_client=search-nordic&position=14&search_layout=grid&type=item&tracking_id=754f0139-c965-470f-83c7-c4e057c3aa04
Alquiler Torre Barranca 2 Dormitorios Con Cochera,1500000.0,"Av Carballo 100, Centro, Rosario, Santa Fe",3,2,110.0,https://departamento.mercadolibre.com.ar/MLA-1453246807-alquiler-torre-barranca-2-dormitorios-con-cochera-_JM#polycard_client=search-nordic&position=15&search_layout=grid&type=item&tracking_id=754f0139-c965-470f-83c7-c4e057c3aa04
Alquiler Departamento 2 Dormitorios Palos Verdes Rosario,400000.0,"Garcia Del Cossio 2000 Piso 1, Fisherton, Rosario, Santa Fe",3,1,50.0,https://departamento.mercadolibre.com.ar/MLA-1446850127-alquiler-departamento-2-dormitorios-palos-verdes-rosario-_JM#polycard_client=search-nordic&position=16&search_layout=grid&type=item&tracking_id=754f0139-c965-470f-83c7-c4e057c3aa04
Alquiler Comercial,250000.0,"LNA, Alberto Olmedo, Rosario, Santa Fe",1,1,27.0,https://departamento.mercadolibre.com.ar/MLA-1454103215-alquiler-comercial-_JM#polycard_client=search-nordic&position=17&search_layout=grid&type=item&tracking_id=754f0139-c965-470f-83c7-c4e057c3aa04
Alquiler Monoambiente,240000.0,"Santiago 1100, Centro, Rosario, Santa Fe",1,1,25.0,https://departamento.mercadolibre.com.ar/MLA-1455342627-alquiler-monoambiente-_JM#polycard_client=search-nordic&position=18&search_layout=grid&type=item&tracking_id=754f0139-c965-470f-83c7-c4e057c3aa04
Alquiler Departamento 2 Dormitorios Centro,300000.0,"Maipú 1416, Centro, Rosario, Santa Fe",3,1,58.0,https://departamento.mercadolibre.com.ar/MLA-1456280637-alquiler-departamento-2-dormitorios-centro-_JM#polycard_client=search-nordic&position=19&search_layout=grid&type=item&tracking_id=754f0139-c965-470f-83c7-c4e057c3aa04
Alquiler Departamento Monoambiente Con Balcon En Rosario - Echesortu,180000.0,"Cafferata Al 1000, Rosario, Santa Fe",1,1,40.0,https://departamento.mercadolibre.com.ar/MLA-1935143896-alquiler-departamento-monoambiente-con-balcon-en-rosario-echesortu-_JM#polycard_client=search-nordic&position=20&search_layout=grid&type=item&tracking_id=754f0139-c965-470f-83c7-c4e057c3aa04
Departamento Nuevo En Rosario! Zona Inmejorable,45000.0,"Mitre SN, Centro, Rosario, Santa Fe",2,1,50.0,https://departamento.mercadolibre.com.ar/MLA-1923203384-departamento-nuevo-en-rosario-zona-inmejorable-_JM#polycard_client=search-nordic&position=21&search_layout=grid&type=item&tracking_id=754f0139-c965-470f-83c7-c4e057c3aa04
Alquiler ! Departamento Monoambiente Amoblado,240000.0,"Maipú 700, Centro, Rosario, Santa Fe",1,1,30.0,https://departamento.mercadolibre.com.ar/MLA-1923190752-alquiler-departamento-monoambiente-amoblado-_JM#polycard_client=search-nordic&position=22&search_layout=grid&type=item&tracking_id=754f0139-c965-470f-83c7-c4e057c3aa04
Alquiler Departamento Monoambiente En Rosario - Echesortu,175000.0,"Iriondo Al 500, Centro, Rosario, Santa Fe",1,1,30.0,https://departamento.mercadolibre.com.ar/MLA-1935306476-alquiler-departamento-monoambiente-en-rosario-echesortu-_JM#polycard_client=search-nordic&position=23&search_layout=grid&type=item&tracking_id=754f0139-c965-470f-83c7-c4e057c3aa04
Hermoso Departamento En Alquiler De 1 Dormitorio Al Frente Orientación Norte - Luminoso - Zeballos 3500,210000.0,"Zeballos 3531, S2002PSH Rosario, Santa Fe, Argentina, Echesortu, Rosario, Santa Fe",2,1,46.0,https://departamento.mercadolibre.com.ar/MLA-1934673878-hermoso-departamento-en-alquiler-de-1-dormitorio-al-frente-orientacion-norte-luminoso-zeballos-3500-_JM#polycard_client=search-nordic&position=24&search_layout=grid&type=item&tracking_id=754f0139-c965-470f-83c7-c4e057c3aa04
"Departamento 1 Dormitorio, 9 De Julio 813",190000.0,"9 De Julio 813, Rosario, Provincia De Santa Fe, Argentina, Centro, Rosario, Santa Fe",3,1,56.0,https://departamento.mercadolibre.com.ar/MLA-1904961642-departamento-1-dormitorio-9-de-julio-813-_JM#polycard_client=search-nordic&position=25&search_layout=grid&type=item&tracking_id=754f0139-c965-470f-83c7-c4e057c3aa04
"Alquilo Dto. 1 Dormitorio, Rodriguez 1141 01-02",160000.0,"Martín Rodríguez 1141, Rosario, Provincia De Santa Fe, Argentina, Centro, Rosario, Santa Fe",2,1,40.0,https://departamento.mercadolibre.com.ar/MLA-1938478046-alquilo-dto-1-dormitorio-rodriguez-1141-01-02-_JM#polycard_client=search-nordic&position=26&search_layout=grid&type=item&tracking_id=754f0139-c965-470f-83c7-c4e057c3aa04
Alquiler- Monoambiente - España Y Hospitales,140000.0,"Dean Funes 1000 - Piso 1º Dpto C, Rosario, Santa Fe",1,1,33.0,https://departamento.mercadolibre.com.ar/MLA-1457476701-alquiler-monoambiente-espana-y-hospitales-_JM#polycard_client=search-nordic&position=27&search_layout=grid&type=item&tracking_id=754f0139-c965-470f-83c7-c4e057c3aa04
Departamento Premium En Rosario Alquiler Con Vista Franca Al Rio 2 Dormitorios 2 Cocheras,1800.0,"Avellaneda 1300 Bis, Centro, Rosario, Santa Fe",5,3,153.0,https://departamento.mercadolibre.com.ar/MLA-1945846528-departamento-premium-en-rosario-alquiler-con-vista-franca-al-rio-2-dormitorios-2-cocheras-_JM#polycard_client=search-nordic&position=28&search_layout=grid&type=item&tracking_id=754f0139-c965-470f-83c7-c4e057c3aa04
"Alquiler Temporario 1 Dormitorio 6a - San Lorenzo 2706, Rosario",400000.0,"SAN LORENZO 2706, Alberto Olmedo, Rosario, Santa Fe",3,1,42.0,https://departamento.mercadolibre.com.ar/MLA-1941244114-alquiler-temporario-1-dormitorio-6a-san-lorenzo-2706-rosario-_JM#polycard_client=search-nordic&position=29&search_layout=grid&type=item&tracking_id=754f0139-c965-470f-83c7-c4e057c3aa04
Monoambiente Amueblado Alquiler Temporario O Mensual,400000.0,"Mendoza Al 4600, Rosario, Santa Fe",1,1,30.0,https://departamento.mercadolibre.com.ar/MLA-1457362021-monoambiente-amueblado-alquiler-temporario-o-mensual-_JM#polycard_client=search-nordic&position=30&search_layout=grid&type=item&tracking_id=754f0139-c965-470f-83c7-c4e057c3aa04
Alquiler - Departamento 1 Dormitorio -republica De La Sexta,260000.0,"Necochea 1800 - Piso 9º Dpto B, República De La Sexta, Rosario, Santa Fe",2,1,36.0,https://departamento.mercadolibre.com.ar/MLA-1456645241-alquiler-departamento-1-dormitorio-republica-de-la-sexta-_JM#polycard_client=search-nordic&position=31&search_layout=grid&type=item&tracking_id=754f0139-c965-470f-83c7-c4e057c3aa04
3 De Febrero Al 1800 Alquiler Departamento 2 Dormitorios En Rosario,500000.0,"3 DE Febrero AL 1800, Centro, Rosario, Santa Fe",3,1,56.0,https://departamento.mercadolibre.com.ar/MLA-1940886330-3-de-febrero-al-1800-alquiler-departamento-2-dormitorios-en-rosario-_JM#polycard_client=search-nordic&position=32&search_layout=grid&type=item&tracking_id=754f0139-c965-470f-83c7-c4e057c3aa04
Alquiler - 1 Dormitorio- Barrio Martín -externo Balcón,300000.0,"3 De Febrero Al 506, Martin, Rosario, Santa Fe",2,1,40.0,https://departamento.mercadolibre.com.ar/MLA-1943833426-alquiler-1-dormitorio-barrio-martin-externo-balcon-_JM#polycard_client=search-nordic&position=33&search_layout=grid&type=item&tracking_id=754f0139-c965-470f-83c7-c4e057c3aa04
"Departamento 2 Dormitorios, Cochera, Cocina Separada, Balcon, Abasto",420000.0,"España Al 1900, Abasto, Rosario, Santa Fe",3,2,74.0,https://departamento.mercadolibre.com.ar/MLA-1943064338-departamento-2-dormitorios-cochera-cocina-separada-balcon-abasto-_JM#polycard_client=search-nordic&position=34&search_layout=grid&type=item&tracking_id=754f0139-c965-470f-83c7-c4e057c3aa04
Córdoba 2091 - Dpto De 2 Dormitorios Externo.,370001.0,"Córdoba 2050, Centro, Rosario, Santa Fe",3,1,50.0,https://departamento.mercadolibre.com.ar/MLA-1940493460-cordoba-2091-dpto-de-2-dormitorios-externo-_JM#polycard_client=search-nordic&position=35&search_layout=grid&type=item&tracking_id=754f0139-c965-470f-83c7-c4e057c3aa04
"Alquiler- Departamento - 2 Ambientes En Cinco Esquinas, Rosa",180000.0,"ITUZAINGO Al 4100, Rosario, Santa Fe",2,1,42.0,https://departamento.mercadolibre.com.ar/MLA-1457591025-alquiler-departamento-2-ambientes-en-cinco-esquinas-rosa-_JM#polycard_client=search-nordic&position=36&search_layout=grid&type=item&tracking_id=754f0139-c965-470f-83c7-c4e057c3aa04
Departamento 1 Ambiente Con Cochera Falucho Y Gorriti,210000.0,"FALUCHO 389, Centro, Rosario, Santa Fe",1,1,30.0,https://departamento.mercadolibre.com.ar/MLA-1456420333-departamento-1-ambiente-con-cochera-falucho-y-gorriti-_JM#polycard_client=search-nordic&position=37&search_layout=grid&type=item&tracking_id=754f0139-c965-470f-83c7-c4e057c3aa04
Urquiza 2032 - Dpto De 1 Dormitorio Externo.,180000.0,"Urquiza 2050, Centro, Rosario, Santa Fe",2,1,35.0,https://departamento.mercadolibre.com.ar/MLA-1456876821-urquiza-2032-dpto-de-1-dormitorio-externo-_JM#polycard_client=search-nordic&position=38&search_layout=grid&type=item&tracking_id=754f0139-c965-470f-83c7-c4e057c3aa04
Ricchieri 865 - Dpto De 1 Dormitorio.,200001.0,"General Ricchieri 850, Centro, Rosario, Santa Fe",2,1,29.0,https://departamento.mercadolibre.com.ar/MLA-1456978415-ricchieri-865-dpto-de-1-dormitorio-_JM#polycard_client=search-nordic&position=39&search_layout=grid&type=item&tracking_id=754f0139-c965-470f-83c7-c4e057c3aa04
"Alquiler 2 Dormitorio Al Frente - Ituzaingo 630, Rosario",330000.0,"Ituzaingo 630, Abasto, Rosario, Santa Fe",3,1,63.0,https://departamento.mercadolibre.com.ar/MLA-1943835978-alquiler-2-dormitorio-al-frente-ituzaingo-630-rosario-_JM#polycard_client=search-nordic&position=40&search_layout=grid&type=item&tracking_id=754f0139-c965-470f-83c7-c4e057c3aa04
Catamarca 2267 - Dpto De 1 Dormitorio Externo.,300001.0,"Catamarca 2250, Centro, Rosario, Santa Fe",2,1,40.0,https://departamento.mercadolibre.com.ar/MLA-1945855824-catamarca-2267-dpto-de-1-dormitorio-externo-_JM#polycard_client=search-nordic&position=41&search_layout=grid&type=item&tracking_id=754f0139-c965-470f-83c7-c4e057c3aa04
Condominios Del Alto - Alquiler Departamento 3 Dormitorios Con Cochera En Rosario,1400000.0,"Condominio Alto 1, Rosario, Santa Fe",4,2,125.0,https://departamento.mercadolibre.com.ar/MLA-1942377838-condominios-del-alto-alquiler-departamento-3-dormitorios-con-cochera-en-rosario-_JM#polycard_client=search-nordic&position=42&search_layout=grid&type=item&tracking_id=754f0139-c965-470f-83c7-c4e057c3aa04
Departamento Premium Vista Franca Al Rio 2 Dormitorios 2 Cocheras,1800.0,"Av Colombres 1300, Alberdi, Rosario, Santa Fe",5,3,153.0,https://departamento.mercadolibre.com.ar/MLA-1457686675-departamento-premium-vista-franca-al-rio-2-dormitorios-2-cocheras-_JM#polycard_client=search-nordic&position=43&search_layout=grid&type=item&tracking_id=754f0139-c965-470f-83c7-c4e057c3aa04
Departamento - Rosario,400000.0,"Mitre Al 200. Contrafrente Luminoso., Rosario, Santa Fe",2,1,45.0,https://departamento.mercadolibre.com.ar/MLA-1940525854-departamento-rosario-_JM#polycard_client=search-nordic&position=44&search_layout=grid&type=item&tracking_id=754f0139-c965-470f-83c7-c4e057c3aa04
Dpto. 2 Dormitorios Con Balcón Y Cochera. 3 De Febrero 1600. Alquiler,500000.0,"3 De Febrero 1685, Rosario, Santa Fe",4,2,60.0,https://departamento.mercadolibre.com.ar/MLA-1457701083-dpto-2-dormitorios-con-balcon-y-cochera-3-de-febrero-1600-alquiler-_JM#polycard_client=search-nordic&position=45&search_layout=grid&type=item&tracking_id=754f0139-c965-470f-83c7-c4e057c3aa04
Departamento De 1 Dormitorio Con Seguridad Y Amenities Sobre Bv. Oroño,470.0,"Bv. Oroño 480 '06-02, Centro, Rosario, Santa Fe",2,1,42.0,https://departamento.mercadolibre.com.ar/MLA-1457673621-departamento-de-1-dormitorio-con-seguridad-y-amenities-sobre-bv-orono-_JM#polycard_client=search-nordic&position=46&search_layout=grid&type=item&tracking_id=754f0139-c965-470f-83c7-c4e057c3aa04
Departamento Dos Dormitorios Arroyito Doble Balcón,300000.0,"Genova Al 1587, Arroyito, Rosario, Santa Fe",3,1,80.0,https://departamento.mercadolibre.com.ar/MLA-1457587695-departamento-dos-dormitorios-arroyito-doble-balcon-_JM#polycard_client=search-nordic&position=47&search_layout=grid&type=item&tracking_id=754f0139-c965-470f-83c7-c4e057c3aa04
27 De Febrero Al 700 Alquiler Departamento 2 Dormitorios En Rosario,400000.0,"27 DE Febrero Al 700, Rosario, Santa Fe",3,1,60.0,https://departamento.mercadolibre.com.ar/MLA-1940785092-27-de-febrero-al-700-alquiler-departamento-2-dormitorios-en-rosario-_JM#polycard_client=search-nordic&position=48&search_layout=grid&type=item&tracking_id=754f0139-c965-470f-83c7-c4e057c3aa04
Venta Piso 3 Dormitorios. Patio Balcon Rosario,500000.0,"Viamonte 1600, Centro, Rosario, Santa Fe",4,2,100.0,https://departamento.mercadolibre.com.ar/MLA-1942156536-venta-piso-3-dormitorios-patio-balcon-rosario-_JM#polycard_client=search-nordic&position=1&search_layout=grid&type=item&tracking_id=a33056d2-9147-4d19-9a20-0c4148e054f1
Departamento 1 Dor Amplio En Microcentro - Cochera - Estrenar,500000.0,"Sarmiento Al 1100, Rosario, Santa Fe",2,1,78.0,https://departamento.mercadolibre.com.ar/MLA-1942646488-departamento-1-dor-amplio-en-microcentro-cochera-estrenar-_JM#polycard_client=search-nordic&position=2&search_layout=grid&type=item&tracking_id=a33056d2-9147-4d19-9a20-0c4148e054f1
Departamento 1 Dormitorio Zona Río,250000.0,"Salta Al 1300, Centro, Rosario, Santa Fe",2,1,50.0,https://departamento.mercadolibre.com.ar/MLA-1943931280-departamento-1-dormitorio-zona-rio-_JM#polycard_client=search-nordic&position=3&search_layout=grid&type=item&tracking_id=a33056d2-9147-4d19-9a20-0c4148e054f1
Departamento En Pichincha,660000.0,"Francia Al 200, Alberto Olmedo, Rosario, Santa Fe",4,2,70.0,https://departamento.mercadolibre.com.ar/MLA-1944765486-departamento-en-pichincha-_JM#polycard_client=search-nordic&position=4&search_layout=grid&type=item&tracking_id=a33056d2-9147-4d19-9a20-0c4148e054f1
Alquiler Departamento De 1 Dormitorio Con Cochera Y Amenities Terrazas Al Green Fisherton,400000.0,"Eva Perón 8615, Fisherton, Rosario, Santa Fe",2,1,35.0,https://departamento.mercadolibre.com.ar/MLA-1940837622-alquiler-departamento-de-1-dormitorio-con-cochera-y-amenities-terrazas-al-green-fisherton-_JM#polycard_client=search-nordic&position=5&search_layout=grid&type=item&tracking_id=a33056d2-9147-4d19-9a20-0c4148e054f1
Alquiler Temporario Departamento De Un Dormitorio Amoblado Balcón Al Frente,420000.0,"Av. Pellegrini Al 2300, Rosario, Santa Fe",2,1,45.0,https://departamento.mercadolibre.com.ar/MLA-1457520391-alquiler-temporario-departamento-de-un-dormitorio-amoblado-balcon-al-frente-_JM#polycard_client=search-nordic&position=6&search_layout=grid&type=item&tracking_id=a33056d2-9147-4d19-9a20-0c4148e054f1
Departamento En Alquile 3 Dormitorios Zona Centro,420000.0,"Entre Rios 400, Centro, Rosario, Santa Fe",5,1,66.0,https://departamento.mercadolibre.com.ar/MLA-1943820796-departamento-en-alquile-3-dormitorios-zona-centro-_JM#polycard_client=search-nordic&position=7&search_layout=grid&type=item&tracking_id=a33056d2-9147-4d19-9a20-0c4148e054f1
Departamento En Alquiler 4 Dormitorios Zona Centro,580000.0,"San Lorenzo 1400, Centro, Rosario, Santa Fe",6,1,95.0,https://departamento.mercadolibre.com.ar/MLA-1944764416-departamento-en-alquiler-4-dormitorios-zona-centro-_JM#polycard_client=search-nordic&position=8&search_layout=grid&type=item&tracking_id=a33056d2-9147-4d19-9a20-0c4148e054f1
Alquiler Dpto Un Dormitorio Calidad Premium,400000.0,"Brown 2400, Centro, Rosario, Santa Fe",2,1,51.0,https://departamento.mercadolibre.com.ar/MLA-1940815896-alquiler-dpto-un-dormitorio-calidad-premium-_JM#polycard_client=search-nordic&position=9&search_layout=grid&type=item&tracking_id=a33056d2-9147-4d19-9a20-0c4148e054f1
Corrientes Al 2100 Alquiler Departamento 2 Dormitorios Con Cochera En Rosario,375000.0,"Corrientes Al 2100, Rosario, Santa Fe",3,1,66.0,https://departamento.mercadolibre.com.ar/MLA-1941254954-corrientes-al-2100-alquiler-departamento-2-dormitorios-con-cochera-en-rosario-_JM#polycard_client=search-nordic&position=10&search_layout=grid&type=item&tracking_id=a33056d2-9147-4d19-9a20-0c4148e054f1
Alquiler 1 Dormitorio Forum Puerto Norte Con Amenities Y Cochera,750000.0,"Carballo 230, Rosario, Santa Fe",2,1,38.0,https://departamento.mercadolibre.com.ar/MLA-1941937692-alquiler-1-dormitorio-forum-puerto-norte-con-amenities-y-cochera-_JM#polycard_client=search-nordic&position=11&search_layout=grid&type=item&tracking_id=a33056d2-9147-4d19-9a20-0c4148e054f1
"Departamento, Un Dormitorio Más Comodín, Bajas Expensas, Balcón, Terraza.",240000.0,"Pasco 78 03, República De La Sexta, Rosario, Santa Fe",3,1,8.0,https://departamento.mercadolibre.com.ar/MLA-1456501867-departamento-un-dormitorio-mas-comodin-bajas-expensas-balcon-terraza-_JM#polycard_client=search-nordic&position=12&search_layout=grid&type=item&tracking_id=a33056d2-9147-4d19-9a20-0c4148e054f1
"Pueyrredon Al 300 - Departamento En Alquiler De Dos Dormitorios - Rosario, Pichincha",400000.0,"Pueyrredon Y Catamarca, Alberto Olmedo, Rosario, Santa Fe",4,1,70.0,https://departamento.mercadolibre.com.ar/MLA-1456626079-pueyrredon-al-300-departamento-en-alquiler-de-dos-dormitorios-rosario-pichincha-_JM#polycard_client=search-nordic&position=13&search_layout=grid&type=item&tracking_id=a33056d2-9147-4d19-9a20-0c4148e054f1
España 2123 - Amplio Dpto De 2 Dormitorios Externo.,440000.0,"España 2150, Centro, Rosario, Santa Fe",3,2,79.0,https://departamento.mercadolibre.com.ar/MLA-1456678065-espana-2123-amplio-dpto-de-2-dormitorios-externo-_JM#polycard_client=search-nordic&position=14&search_layout=grid&type=item&tracking_id=a33056d2-9147-4d19-9a20-0c4148e054f1
Departamento En Centro,340000.0,"Mendoza Al 1300 - Contrafrente, Centro, Rosario, Santa Fe",5,1,48.0,https://departamento.mercadolibre.com.ar/MLA-1457531387-departamento-en-centro-_JM#polycard_client=search-nordic&position=15&search_layout=grid&type=item&tracking_id=a33056d2-9147-4d19-9a20-0c4148e054f1
"Departamento, Dos Dormitorios, Zona De Facultades, Centro, Ideal Estudiantes.",250000.0,"Zeballos Al 1248 06, Centro, Rosario, Santa Fe",3,1,65.0,https://departamento.mercadolibre.com.ar/MLA-1457572439-departamento-dos-dormitorios-zona-de-facultades-centro-ideal-estudiantes-_JM#polycard_client=search-nordic&position=16&search_layout=grid&type=item&tracking_id=a33056d2-9147-4d19-9a20-0c4148e054f1
Departamento En Alquiler.,160000.0,"Suipacha Al 700., Rosario, Santa Fe",1,1,35.0,https://departamento.mercadolibre.com.ar/MLA-1944682598-departamento-en-alquiler-_JM#polycard_client=search-nordic&position=17&search_layout=grid&type=item&tracking_id=a33056d2-9147-4d19-9a20-0c4148e054f1
Rodriguez Al 900 Alquiler Departamento 1 Dormitorio En Rosario,250000.0,"Rodriguez AL 900, Rosario, Santa Fe",2,1,32.0,https://departamento.mercadolibre.com.ar/MLA-1944703172-rodriguez-al-900-alquiler-departamento-1-dormitorio-en-rosario-_JM#polycard_client=search-nordic&position=18&search_layout=grid&type=item&tracking_id=a33056d2-9147-4d19-9a20-0c4148e054f1
Departamento En Alquiler Zona Facultad,395000.0,"Crespo 582 - 3 Piso 01, Luis Agote, Rosario, Santa Fe",4,2,65.0,https://departamento.mercadolibre.com.ar/MLA-1944853460-departamento-en-alquiler-zona-facultad-_JM#polycard_client=search-nordic&position=19&search_layout=grid&type=item&tracking_id=a33056d2-9147-4d19-9a20-0c4148e054f1
"Departamento 1 Dormitorio, Cocina Separada, Balcon Frente, Zona De Facultades",260000.0,"Cordoba Al 3000, Centro, Rosario, Santa Fe",2,1,42.0,https://departamento.mercadolibre.com.ar/MLA-1940896578-departamento-1-dormitorio-cocina-separada-balcon-frente-zona-de-facultades-_JM#polycard_client=search-nordic&position=20&search_layout=grid&type=item&tracking_id=a33056d2-9147-4d19-9a20-0c4148e054f1
3 De Febrero Al 1800 Alquiler Departamento 1 Dormitorio En Rosario,350000.0,"3 De Febrero Al 1800, Centro, Rosario, Santa Fe",2,1,36.0,https://departamento.mercadolibre.com.ar/MLA-1940886256-3-de-febrero-al-1800-alquiler-departamento-1-dormitorio-en-rosario-_JM#polycard_client=search-nordic&position=21&search_layout=grid&type=item&tracking_id=a33056d2-9147-4d19-9a20-0c4148e054f1
San Juan Al 3000 Alquiler Monoambiente En Rosario,180000.0,"SAN Juan AL 3000, Rosario, Santa Fe",1,1,26.0,https://departamento.mercadolibre.com.ar/MLA-1456613667-san-juan-al-3000-alquiler-monoambiente-en-rosario-_JM#polycard_client=search-nordic&position=22&search_layout=grid&type=item&tracking_id=a33056d2-9147-4d19-9a20-0c4148e054f1
Departamento De Dos Dormitoiros En Alquiler España Y Zeballos Rosario,380000.0,"España 1484 06-01, Centro, Rosario, Santa Fe",3,1,50.0,https://departamento.mercadolibre.com.ar/MLA-1943061318-departamento-de-dos-dormitoiros-en-alquiler-espana-y-zeballos-rosario-_JM#polycard_client=search-nordic&position=23&search_layout=grid&type=item&tracking_id=a33056d2-9147-4d19-9a20-0c4148e054f1
San Juan 449 04-01,340000.0,"San Juan Al 400, Centro, Rosario, Santa Fe",3,1,78.0,https://departamento.mercadolibre.com.ar/MLA-1941936950-san-juan-449-04-01-_JM#polycard_client=search-nordic&position=24&search_layout=grid&type=item&tracking_id=a33056d2-9147-4d19-9a20-0c4148e054f1
Monoambiente En Alquiler Zona Rio,215000.0,"Jujuy 1800, Centro, Rosario, Santa Fe",1,1,35.0,https://departamento.mercadolibre.com.ar/MLA-1457170989-monoambiente-en-alquiler-zona-rio-_JM#polycard_client=search-nordic&position=25&search_layout=grid&type=item&tracking_id=a33056d2-9147-4d19-9a20-0c4148e054f1
Departamento Monoambiente Con Balcón - Centro,150000.0,"9 De Julio Al 1600, Centro, Rosario, Santa Fe",1,1,27.0,https://departamento.mercadolibre.com.ar/MLA-1943951112-departamento-monoambiente-con-balcon-centro-_JM#polycard_client=search-nordic&position=26&search_layout=grid&type=item&tracking_id=a33056d2-9147-4d19-9a20-0c4148e054f1
Suipacha Al 1100 - Alquiler Departamento 1 Dormitorio En Rosario,200000.0,"Suipacha AL 1100, Rosario, Santa Fe",2,1,29.0,https://departamento.mercadolibre.com.ar/MLA-1943795696-suipacha-al-1100-alquiler-departamento-1-dormitorio-en-rosario-_JM#polycard_client=search-nordic&position=27&search_layout=grid&type=item&tracking_id=a33056d2-9147-4d19-9a20-0c4148e054f1
Alquiler Departamento Un Dormitorio Zona Universidades Rosario,550000.0,"Av. Francia Al 800, Rosario, Santa Fe",2,1,40.0,https://departamento.mercadolibre.com.ar/MLA-1944700782-alquiler-departamento-un-dormitorio-zona-universidades-rosario-_JM#polycard_client=search-nordic&position=28&search_layout=grid&type=item&tracking_id=a33056d2-9147-4d19-9a20-0c4148e054f1
Alquiler. Salta Y España !! Balcón Al Frente Y Cocina Separada.,330000.0,"Salta 1735, Centro, Rosario, Santa Fe",4,1,80.0,https://departamento.mercadolibre.com.ar/MLA-1457521925-alquiler-salta-y-espana-balcon-al-frente-y-cocina-separada-_JM#polycard_client=search-nordic&position=29&search_layout=grid&type=item&tracking_id=a33056d2-9147-4d19-9a20-0c4148e054f1
San Juan Al 700 Alquiler Departamento 1 Dormitorio En Rosario,200000.0,"SAN Juan AL 700, Rosario, Santa Fe",2,1,45.0,https://departamento.mercadolibre.com.ar/MLA-1457652603-san-juan-al-700-alquiler-departamento-1-dormitorio-en-rosario-_JM#polycard_client=search-nordic&position=30&search_layout=grid&type=item&tracking_id=a33056d2-9147-4d19-9a20-0c4148e054f1
Departamento - Centro- 2 Dormitorios- Amoblado-alquiler,400000.0,"Maipu Al 1100, Centro, Rosario, Santa Fe",4,1,70.0,https://departamento.mercadolibre.com.ar/MLA-1944759716-departamento-centro-2-dormitorios-amoblado-alquiler-_JM#polycard_client=search-nordic&position=33&search_layout=grid&type=item&tracking_id=a33056d2-9147-4d19-9a20-0c4148e054f1
Departamento En Alquiler 1 Dormitorio Lourdes,300000.0,"Santiago 1400, Centro, Rosario, Santa Fe",1,1,43.0,https://departamento.mercadolibre.com.ar/MLA-1457617603-departamento-en-alquiler-1-dormitorio-lourdes-_JM#polycard_client=search-nordic&position=34&search_layout=grid&type=item&tracking_id=a33056d2-9147-4d19-9a20-0c4148e054f1
San Juan Al 3000 Alquiler Departamento 1 Dormitorio En Rosario,240000.0,"SAN Juan AL 3000, Rosario, Santa Fe",2,1,27.0,https://departamento.mercadolibre.com.ar/MLA-1457701425-san-juan-al-3000-alquiler-departamento-1-dormitorio-en-rosario-_JM#polycard_client=search-nordic&position=35&search_layout=grid&type=item&tracking_id=a33056d2-9147-4d19-9a20-0c4148e054f1
Pte Roca Al 1900 Alquiler Monoambiente En Rosario,170000.0,"PTE Roca Al 1900, Rosario, Santa Fe",1,1,23.0,https://departamento.mercadolibre.com.ar/MLA-1945857562-pte-roca-al-1900-alquiler-monoambiente-en-rosario-_JM#polycard_client=search-nordic&position=36&search_layout=grid&type=item&tracking_id=a33056d2-9147-4d19-9a20-0c4148e054f1
Moreno Al 1300 Alquiler Departamento 1 Dormitorio En Rosario,250000.0,"Moreno AL 1300, Centro, Rosario, Santa Fe",2,1,26.0,https://departamento.mercadolibre.com.ar/MLA-1945844106-moreno-al-1300-alquiler-departamento-1-dormitorio-en-rosario-_JM#polycard_client=search-nordic&position=37&search_layout=grid&type=item&tracking_id=a33056d2-9147-4d19-9a20-0c4148e054f1
Alquiler Dpto Un Dormitorio Con Cochera Centro,270000.0,"Maipú 700, Centro, Rosario, Santa Fe",2,1,33.0,https://departamento.mercadolibre.com.ar/MLA-1945841766-alquiler-dpto-un-dormitorio-con-cochera-centro-_JM#polycard_client=search-nordic&position=38&search_layout=grid&type=item&tracking_id=a33056d2-9147-4d19-9a20-0c4148e054f1
Pte Roca 1791 Piso 3,200000.0,"Pte Roca Al 1700, Centro, Rosario, Santa Fe",1,1,33.0,https://departamento.mercadolibre.com.ar/MLA-1456633283-pte-roca-1791-piso-3-_JM#polycard_client=search-nordic&position=39&search_layout=grid&type=item&tracking_id=a33056d2-9147-4d19-9a20-0c4148e054f1
Departamento En Alquiler Centro Rosario 1 Dormitorio,220000.0,"Alvear Al 1100, Centro, Rosario, Santa Fe",2,1,39.0,https://departamento.mercadolibre.com.ar/MLA-1456671191-departamento-en-alquiler-centro-rosario-1-dormitorio-_JM#polycard_client=search-nordic&position=40&search_layout=grid&type=item&tracking_id=a33056d2-9147-4d19-9a20-0c4148e054f1
Catamarca Al 3000- Alquiler Monoambiente En Rosario,120000.0,"Catamarca Al 3000, Rosario, Santa Fe",1,1,22.0,https://departamento.mercadolibre.com.ar/MLA-1457374839-catamarca-al-3000-alquiler-monoambiente-en-rosario-_JM#polycard_client=search-nordic&position=41&search_layout=grid&type=item&tracking_id=a33056d2-9147-4d19-9a20-0c4148e054f1
Catamarca Al 2700 Alquiler Departamento 1 Dormitorio En Rosario,200000.0,"Catamarca Al 2700, Rosario, Santa Fe",2,1,33.0,https://departamento.mercadolibre.com.ar/MLA-1457424967-catamarca-al-2700-alquiler-departamento-1-dormitorio-en-rosario-_JM#polycard_client=search-nordic&position=42&search_layout=grid&type=item&tracking_id=a33056d2-9147-4d19-9a20-0c4148e054f1
Departamento Centrico Amueblado,399000.0,"SAN Lorenzo Al 1700 - Dpto Amoblado, Centro, Rosario, Santa Fe",4,1,70.0,https://departamento.mercadolibre.com.ar/MLA-1942588270-departamento-centrico-amueblado-_JM#polycard_client=search-nordic&position=43&search_layout=grid&type=item&tracking_id=a33056d2-9147-4d19-9a20-0c4148e054f1
"Departamento, Un Dormitorio, Moderno, Zona De Facultades, Balcón.",220000.0,"Santa Fé Al 2782, Rosario, Santa Fe",2,1,40.0,https://departamento.mercadolibre.com.ar/MLA-1944712888-departamento-un-dormitorio-moderno-zona-de-facultades-balcon-_JM#polycard_client=search-nordic&position=44&search_layout=grid&type=item&tracking_id=a33056d2-9147-4d19-9a20-0c4148e054f1
Catamarca Al 2700 Alquiler Departamento 1 Dormitorio En Rosario,200000.0,"Catamarca Al 2700, Rosario, Santa Fe",2,1,33.0,https://departamento.mercadolibre.com.ar/MLA-1457399177-catamarca-al-2700-alquiler-departamento-1-dormitorio-en-rosario-_JM#polycard_client=search-nordic&position=45&search_layout=grid&type=item&tracking_id=a33056d2-9147-4d19-9a20-0c4148e054f1
Santiago 1434 - 1 Dormi - Posibilidad Cochera,350000.0,"Santiago 1434, Centro, Rosario, Santa Fe",2,1,45.0,https://departamento.mercadolibre.com.ar/MLA-1945542168-santiago-1434-1-dormi-posibilidad-cochera-_JM#polycard_client=search-nordic&position=46&search_layout=grid&type=item&tracking_id=a33056d2-9147-4d19-9a20-0c4148e054f1
Alquiler Departamento Un Dormitorio A Estrenar,320000.0,"Avenida Ovidio Lagos 100, Centro, Rosario, Santa Fe",2,1,35.0,https://departamento.mercadolibre.com.ar/MLA-1456355985-alquiler-departamento-un-dormitorio-a-estrenar-_JM#polycard_client=search-nordic&position=47&search_layout=grid&type=item&tracking_id=a33056d2-9147-4d19-9a20-0c4148e054f1
Departamento En Alquiler 1 Ambiente Echesortu Rosario,180000.0,"Cafferata Al 1000, Rosario, Santa Fe",1,1,32.0,https://departamento.mercadolibre.com.ar/MLA-1457560651-departamento-en-alquiler-1-ambiente-echesortu-rosario-_JM#polycard_client=search-nordic&position=48&search_layout=grid&type=item&tracking_id=a33056d2-9147-4d19-9a20-0c4148e054f1
En Alquiler Departamento De Un Dormitorio Zona Facultades!,320000.0,"Av. Francia Al 800, Rosario, Santa Fe",2,1,40.0,https://departamento.mercadolibre.com.ar/MLA-1943926940-en-alquiler-departamento-de-un-dormitorio-zona-facultades-_JM#polycard_client=search-nordic&position=1&search_layout=grid&type=item&tracking_id=5fb594eb-3acc-4083-8405-e05a97cf45b7
1 Dormitorio Con Balcón Y Terraza Propia,330000.0,"Balcarce 1158 - 7º 02, Centro, Rosario, Santa Fe",2,1,39.0,https://departamento.mercadolibre.com.ar/MLA-1457248143-1-dormitorio-con-balcon-y-terraza-propia-_JM#polycard_client=search-nordic&position=2&search_layout=grid&type=item&tracking_id=5fb594eb-3acc-4083-8405-e05a97cf45b7
Departamento Monoambiente En Alquiler Catamarca 1700,200000.0,"Catamarca Al 1700, Centro, Rosario, Santa Fe",1,1,30.0,https://departamento.mercadolibre.com.ar/MLA-1457145899-departamento-monoambiente-en-alquiler-catamarca-1700-_JM#polycard_client=search-nordic&position=4&search_layout=grid&type=item&tracking_id=5fb594eb-3acc-4083-8405-e05a97cf45b7
Departamento A Metros Del Parque España,350000.0,"Mitre Al 200, Rosario, Santa Fe",1,1,33.0,https://departamento.mercadolibre.com.ar/MLA-1457200767-departamento-a-metros-del-parque-espana-_JM#polycard_client=search-nordic&position=5&search_layout=grid&type=item&tracking_id=5fb594eb-3acc-4083-8405-e05a97cf45b7
Buenos Aires Y Pellegrini. 1 Dormitorio Con Cocina Separada,150000.0,"Buenos Aires Al 1600, Centro, Rosario, Santa Fe",3,1,40.0,https://departamento.mercadolibre.com.ar/MLA-1457533943-buenos-aires-y-pellegrini-1-dormitorio-con-cocina-separada-_JM#polycard_client=search-nordic&position=6&search_layout=grid&type=item&tracking_id=5fb594eb-3acc-4083-8405-e05a97cf45b7
Santiago Al 800 Alquiler Monoambiente En Lourdes Rosario,240000.0,"Santiago Al 800, Rosario, Santa Fe",1,1,22.0,https://departamento.mercadolibre.com.ar/MLA-1941221354-santiago-al-800-alquiler-monoambiente-en-lourdes-rosario-_JM#polycard_client=search-nordic&position=7&search_layout=grid&type=item&tracking_id=5fb594eb-3acc-4083-8405-e05a97cf45b7
Departamento Con Opción Cochera - Echesortu,350000.0,"3 DE Febrero 4059 - 4 Piso A, Rosario, Santa Fe",2,1,46.0,https://departamento.mercadolibre.com.ar/MLA-1457539221-departamento-con-opcion-cochera-echesortu-_JM#polycard_client=search-nordic&position=8&search_layout=grid&type=item&tracking_id=5fb594eb-3acc-4083-8405-e05a97cf45b7
San Juan Al 3000 Alquiler Monoambiente En Rosario,170000.0,"SAN Juan AL 3000, Rosario, Santa Fe",1,1,22.0,https://departamento.mercadolibre.com.ar/MLA-1457682765-san-juan-al-3000-alquiler-monoambiente-en-rosario-_JM#polycard_client=search-nordic&position=9&search_layout=grid&type=item&tracking_id=5fb594eb-3acc-4083-8405-e05a97cf45b7
Departamento 1 Dormitorio - Urquiza 2000- Centro Rosario | Venta,320000.0,"Urquiza 2097, Centro, Rosario, Santa Fe",2,1,32.0,https://departamento.mercadolibre.com.ar/MLA-1457668631-departamento-1-dormitorio-urquiza-2000-centro-rosario-venta-_JM#polycard_client=search-nordic&position=10&search_layout=grid&type=item&tracking_id=5fb594eb-3acc-4083-8405-e05a97cf45b7
"Venta Rosario, Alberdi, Monoambiente Externo Con Balcon Terraza Uso Exclusivo 70 M2",200000.0,"Gurruchaga Al 700, Alberdi, Rosario, Santa Fe",1,1,30.0,https://departamento.mercadolibre.com.ar/MLA-1944764940-venta-rosario-alberdi-monoambiente-externo-con-balcon-terraza-uso-exclusivo-70-m2-_JM#polycard_client=search-nordic&position=11&search_layout=grid&type=item&tracking_id=5fb594eb-3acc-4083-8405-e05a97cf45b7
Alquiler Monoambiente Arroyito,150000.0,"Juan B. Justo 1300, Arroyito, Rosario, Santa Fe",1,1,24.0,https://departamento.mercadolibre.com.ar/MLA-1944272780-alquiler-monoambiente-arroyito-_JM#polycard_client=search-nordic&position=12&search_layout=grid&type=item&tracking_id=5fb594eb-3acc-4083-8405-e05a97cf45b7
Departamento Nuevo. Sin Expensas. A 50mts De Av. San Martin. Impecable.,155000.0,"Garibaldi 872, Rosario, Santa Fe",1,1,26.0,https://departamento.mercadolibre.com.ar/MLA-1456989229-departamento-nuevo-sin-expensas-a-50mts-de-av-san-martin-impecable-_JM#polycard_client=search-nordic&position=13&search_layout=grid&type=item&tracking_id=5fb594eb-3acc-4083-8405-e05a97cf45b7
Departamento En Barrio Martin,200000.0,"SAN Juan Al 500, Martin, Rosario, Santa Fe",2,1,35.0,https://departamento.mercadolibre.com.ar/MLA-1457753333-departamento-en-barrio-martin-_JM#polycard_client=search-nordic&position=14&search_layout=grid&type=item&tracking_id=5fb594eb-3acc-4083-8405-e05a97cf45b7
Alquiler Departamento Monoambiente En Echesortu - Mendoza 3500 Rosario,170000.0,"Mendoza 3556, Rosario, Santa Fe",1,1,35.0,https://departamento.mercadolibre.com.ar/MLA-1456355813-alquiler-departamento-monoambiente-en-echesortu-mendoza-3500-rosario-_JM#polycard_client=search-nordic&position=15&search_layout=grid&type=item&tracking_id=5fb594eb-3acc-4083-8405-e05a97cf45b7
Brown Al1700 Alquiler Departamento 1 Dormitorio En Rosario,300000.0,"Brown Al 1700, Centro, Rosario, Santa Fe",2,1,31.0,https://departamento.mercadolibre.com.ar/MLA-1940506992-brown-al1700-alquiler-departamento-1-dormitorio-en-rosario-_JM#polycard_client=search-nordic&position=16&search_layout=grid&type=item&tracking_id=5fb594eb-3acc-4083-8405-e05a97cf45b7
Impuestos Incluidos.un Dormitorio Con Patio.,220000.0,"Necochea Al 2300, Rosario, Santa Fe",2,1,35.0,https://departamento.mercadolibre.com.ar/MLA-1940537524-impuestos-incluidosun-dormitorio-con-patio-_JM#polycard_client=search-nordic&position=17&search_layout=grid&type=item&tracking_id=5fb594eb-3acc-4083-8405-e05a97cf45b7
San Martin 1619 - Dpto Monoambiente.,170000.0,"San Martin 1650, Centro, Rosario, Santa Fe",1,1,21.0,https://departamento.mercadolibre.com.ar/MLA-1944848268-san-martin-1619-dpto-monoambiente-_JM#polycard_client=search-nordic&position=19&search_layout=grid&type=item&tracking_id=5fb594eb-3acc-4083-8405-e05a97cf45b7
Departamento En Rosario,190000.0,"Rosario - Maipu 741 6B, Centro, Rosario, Santa Fe",1,1,20.0,https://departamento.mercadolibre.com.ar/MLA-1941182750-departamento-en-rosario-_JM#polycard_client=search-nordic&position=20&search_layout=grid&type=item&tracking_id=5fb594eb-3acc-4083-8405-e05a97cf45b7
Alquiler Monoambiente Con Cocina Separada,180000.0,"Pueyrredón 500, Centro, Rosario, Santa Fe",1,1,35.0,https://departamento.mercadolibre.com.ar/MLA-1457701845-alquiler-monoambiente-con-cocina-separada-_JM#polycard_client=search-nordic&position=21&search_layout=grid&type=item&tracking_id=5fb594eb-3acc-4083-8405-e05a97cf45b7
Departamento - Martin,230000.0,"Zeballos Al 600, Martin, Rosario, Santa Fe",2,1,35.0,https://departamento.mercadolibre.com.ar/MLA-1940524826-departamento-martin-_JM#polycard_client=search-nordic&position=22&search_layout=grid&type=item&tracking_id=5fb594eb-3acc-4083-8405-e05a97cf45b7
Departamento - Macrocentro,140000.0,"Necochea Al 2300, Rosario, Santa Fe",1,1,25.0,https://departamento.mercadolibre.com.ar/MLA-1456388983-departamento-macrocentro-_JM#polycard_client=search-nordic&position=23&search_layout=grid&type=item&tracking_id=5fb594eb-3acc-4083-8405-e05a97cf45b7
Alquiler | Monoambiente Con Patio Y Parrillero | Pichincha 86 Bis,229000.0,"Pichincha Bis 86, Alberto Olmedo, Rosario, Santa Fe",1,1,33.0,https://departamento.mercadolibre.com.ar/MLA-1944850834-alquiler-monoambiente-con-patio-y-parrillero-pichincha-86-bis-_JM#polycard_client=search-nordic&position=24&search_layout=grid&type=item&tracking_id=5fb594eb-3acc-4083-8405-e05a97cf45b7
Alquiler | Monoambiente A Estrenar | Pichincha Bis 86,220000.0,"Pichincha Bis 86, Alberto Olmedo, Rosario, Santa Fe",1,1,33.0,https://departamento.mercadolibre.com.ar/MLA-1944764710-alquiler-monoambiente-a-estrenar-pichincha-bis-86-_JM#polycard_client=search-nordic&position=25&search_layout=grid&type=item&tracking_id=5fb594eb-3acc-4083-8405-e05a97cf45b7
"Av. Francia 1100 - Monoambiente En Alquiler - Rosario, Echesortu",160000.0,"Av. Francia Y San Juan, Rosario, Santa Fe",1,1,31.0,https://departamento.mercadolibre.com.ar/MLA-1941617898-av-francia-1100-monoambiente-en-alquiler-rosario-echesortu-_JM#polycard_client=search-nordic&position=26&search_layout=grid&type=item&tracking_id=5fb594eb-3acc-4083-8405-e05a97cf45b7
Cafferata Al 1900 Alquiler Monoambiente En Rosario,110000.0,"Cafferata AL 1900, Rosario, Santa Fe",1,1,19.0,https://departamento.mercadolibre.com.ar/MLA-1942082158-cafferata-al-1900-alquiler-monoambiente-en-rosario-_JM#polycard_client=search-nordic&position=27&search_layout=grid&type=item&tracking_id=5fb594eb-3acc-4083-8405-e05a97cf45b7
3 De Febrero 1366 - Dpto Monoambiente.,140000.0,"3 De Febrero 1350, Centro, Rosario, Santa Fe",1,1,20.0,https://departamento.mercadolibre.com.ar/MLA-1943845794-3-de-febrero-1366-dpto-monoambiente-_JM#polycard_client=search-nordic&position=28&search_layout=grid&type=item&tracking_id=5fb594eb-3acc-4083-8405-e05a97cf45b7
Departamento - Pichincha-estrenar,250000.0,"Ov. Lagos Al 400, Alberto Olmedo, Rosario, Santa Fe",1,1,38.0,https://departamento.mercadolibre.com.ar/MLA-1944723910-departamento-pichincha-estrenar-_JM#polycard_client=search-nordic&position=29&search_layout=grid&type=item&tracking_id=5fb594eb-3acc-4083-8405-e05a97cf45b7
Alquiler Depto 2 Dorm. Zona Parque España,330000.0,"MORENO 365, Centro, Rosario, Santa Fe",5,1,50.0,https://departamento.mercadolibre.com.ar/MLA-1457246169-alquiler-depto-2-dorm-zona-parque-espana-_JM#polycard_client=search-nordic&position=30&search_layout=grid&type=item&tracking_id=5fb594eb-3acc-4083-8405-e05a97cf45b7
Pte Roca 231,300000.0,"PTE ROCA 231, Rosario, Santa Fe",2,1,38.0,https://departamento.mercadolibre.com.ar/MLA-1457636673-pte-roca-231-_JM#polycard_client=search-nordic&position=31&search_layout=grid&type=item&tracking_id=5fb594eb-3acc-4083-8405-e05a97cf45b7
Departamento - Centro,150000.0,"San Lorenzo Al 1800, Rosario, Santa Fe",1,1,26.0,https://departamento.mercadolibre.com.ar/MLA-1457528173-departamento-centro-_JM#polycard_client=search-nordic&position=32&search_layout=grid&type=item&tracking_id=5fb594eb-3acc-4083-8405-e05a97cf45b7
Departamento - Macrocentro,170000.0,"Cafferata Y Rioja, Rosario, Santa Fe",2,1,32.0,https://departamento.mercadolibre.com.ar/MLA-1944768490-departamento-macrocentro-_JM#polycard_client=search-nordic&position=33&search_layout=grid&type=item&tracking_id=5fb594eb-3acc-4083-8405-e05a97cf45b7
Montevideo Al 3200 - Alquiler Monoambiente En Rosario,140000.0,"Montevideo AL 3200, Rosario, Santa Fe",1,1,36.0,https://departamento.mercadolibre.com.ar/MLA-1456375869-montevideo-al-3200-alquiler-monoambiente-en-rosario-_JM#polycard_client=search-nordic&position=34&search_layout=grid&type=item&tracking_id=5fb594eb-3acc-4083-8405-e05a97cf45b7
Alquiler | Monoambiente | Buenos Aires 2071,170000.0,"Buenos Aires 2071, República De La Sexta, Rosario, Santa Fe",1,1,30.0,https://departamento.mercadolibre.com.ar/MLA-1457200235-alquiler-monoambiente-buenos-aires-2071-_JM#polycard_client=search-nordic&position=35&search_layout=grid&type=item&tracking_id=5fb594eb-3acc-4083-8405-e05a97cf45b7
"Av. Francia 1100 - Monoambiente En Alquiler - Rosario, Echesortu",220000.0,"Av. Francia Y San Juan, Rosario, Santa Fe",2,1,31.0,https://departamento.mercadolibre.com.ar/MLA-1942721418-av-francia-1100-monoambiente-en-alquiler-rosario-echesortu-_JM#polycard_client=search-nordic&position=36&search_layout=grid&type=item&tracking_id=5fb594eb-3acc-4083-8405-e05a97cf45b7
Alquiler | Corrientes 2280 | Monoambiente,120000.0,"Corrientes 2280, Alberto Olmedo, Rosario, Santa Fe",1,1,27.0,https://departamento.mercadolibre.com.ar/MLA-1944726590-alquiler-corrientes-2280-monoambiente-_JM#polycard_client=search-nordic&position=37&search_layout=grid&type=item&tracking_id=5fb594eb-3acc-4083-8405-e05a97cf45b7
Alquiler 2 Dormitorios,260000.0,"COLON 1256, Centro, Rosario, Santa Fe",5,1,50.0,https://departamento.mercadolibre.com.ar/MLA-1941282406-alquiler-2-dormitorios-_JM#polycard_client=search-nordic&position=38&search_layout=grid&type=item&tracking_id=5fb594eb-3acc-4083-8405-e05a97cf45b7
Departamento En Alquiler Necochea Al 2000,290000.0,"Necochea Al 2000, República De La Sexta, Rosario, Santa Fe",2,1,38.0,https://departamento.mercadolibre.com.ar/MLA-1456921227-departamento-en-alquiler-necochea-al-2000-_JM#polycard_client=search-nordic&position=39&search_layout=grid&type=item&tracking_id=5fb594eb-3acc-4083-8405-e05a97cf45b7
Alquiler Monoambiente En Centro De La Ciudad,150000.0,"San Juan 1800, Centro, Rosario, Santa Fe",1,1,26.0,https://departamento.mercadolibre.com.ar/MLA-1944697212-alquiler-monoambiente-en-centro-de-la-ciudad-_JM#polycard_client=search-nordic&position=40&search_layout=grid&type=item&tracking_id=5fb594eb-3acc-4083-8405-e05a97cf45b7
Monoambiente Alquiler Metros Medicina,120000.0,"Vera Mujica Al 600, Rosario, Santa Fe",1,1,30.0,https://departamento.mercadolibre.com.ar/MLA-1944733982-monoambiente-alquiler-metros-medicina-_JM#polycard_client=search-nordic&position=41&search_layout=grid&type=item&tracking_id=5fb594eb-3acc-4083-8405-e05a97cf45b7
Monoambiente - En Alquiler Zona Rio,250000.0,"Italia 300, Centro, Rosario, Santa Fe",1,1,29.0,https://departamento.mercadolibre.com.ar/MLA-1944221136-monoambiente-en-alquiler-zona-rio-_JM#polycard_client=search-nordic&position=42&search_layout=grid&type=item&tracking_id=5fb594eb-3acc-4083-8405-e05a97cf45b7
Departamento En Alquiler Republica De La Sexta,150000.0,"Cerrito 95, República De La Sexta, Rosario, Santa Fe",1,1,29.0,https://departamento.mercadolibre.com.ar/MLA-1456671125-departamento-en-alquiler-republica-de-la-sexta-_JM#polycard_client=search-nordic&position=43&search_layout=grid&type=item&tracking_id=5fb594eb-3acc-4083-8405-e05a97cf45b7
Departamento - Centro,210000.0,"Dorrego Al 1100, Rosario, Santa Fe",1,1,35.0,https://departamento.mercadolibre.com.ar/MLA-1457587535-departamento-centro-_JM#polycard_client=search-nordic&position=44&search_layout=grid&type=item&tracking_id=5fb594eb-3acc-4083-8405-e05a97cf45b7
Alquiler Monoambiente Sin Amoblamiento .- Consultas Por Whattsapp,110000.0,"3 De Febrero 731, Centro, Rosario, Santa Fe",2,1,33.0,https://departamento.mercadolibre.com.ar/MLA-1941282276-alquiler-monoambiente-sin-amoblamiento-consultas-por-whattsapp-_JM#polycard_client=search-nordic&position=45&search_layout=grid&type=item&tracking_id=5fb594eb-3acc-4083-8405-e05a97cf45b7
"Ov. Lagos 80 - Departamento Semiamueblado De Un Dormitorio En Alquiler - Rosario, Pichincha",450000.0,"Ov. Lagos Y Güemes, Alberto Olmedo, Rosario, Santa Fe",2,1,38.0,https://departamento.mercadolibre.com.ar/MLA-1456663083-ov-lagos-80-departamento-semiamueblado-de-un-dormitorio-en-alquiler-rosario-pichincha-_JM#polycard_client=search-nordic&position=46&search_layout=grid&type=item&tracking_id=5fb594eb-3acc-4083-8405-e05a97cf45b7
Rosario - Av. Francia 1541 12.03,130000.0,"Rosario - Av. Francia 1541 12.03, Rosario, Santa Fe",1,1,20.0,https://departamento.mercadolibre.com.ar/MLA-1941156680-rosario-av-francia-1541-1203-_JM#polycard_client=search-nordic&position=47&search_layout=grid&type=item&tracking_id=5fb594eb-3acc-4083-8405-e05a97cf45b7
Alquiler Monoambiente Consultas Por Whattsapp,140000.0,"PASAJE OLIDEN 4202, Rosario, Santa Fe",1,1,25.0,https://departamento.mercadolibre.com.ar/MLA-1941243512-alquiler-monoambiente-consultas-por-whattsapp-_JM#polycard_client=search-nordic&position=48&search_layout=grid&type=item&tracking_id=5fb594eb-3acc-4083-8405-e05a97cf45b7
Alquiler 1 Dorm. San Juan 2670,180000.0,"SAN JUAN 2670, Rosario, Santa Fe",4,1,35.0,https://departamento.mercadolibre.com.ar/MLA-1941243522-alquiler-1-dorm-san-juan-2670-_JM#polycard_client=search-nordic&position=1&search_layout=grid&type=item&tracking_id=7192863e-e9aa-4e7f-af6e-ff0d3e6cd56e
Alquiler 1 Dorm. Consultas Por Whatsapp,190000.0,"9 De Julio 3732, Luis Agote, Rosario, Santa Fe",3,1,30.0,https://departamento.mercadolibre.com.ar/MLA-1941204630-alquiler-1-dorm-consultas-por-whatsapp-_JM#polycard_client=search-nordic&position=2&search_layout=grid&type=item&tracking_id=7192863e-e9aa-4e7f-af6e-ff0d3e6cd56e
Alquiler Monoambiente,150000.0,"PASCO 379, República De La Sexta, Rosario, Santa Fe",2,1,30.0,https://departamento.mercadolibre.com.ar/MLA-1941256176-alquiler-monoambiente-_JM#polycard_client=search-nordic&position=3&search_layout=grid&type=item&tracking_id=7192863e-e9aa-4e7f-af6e-ff0d3e6cd56e
Alquiler Monoambiente Arroyito,150000.0,"Juan B. Justo 1300, Arroyito, Rosario, Santa Fe",1,1,24.0,https://departamento.mercadolibre.com.ar/MLA-1944259794-alquiler-monoambiente-arroyito-_JM#polycard_client=search-nordic&position=4&search_layout=grid&type=item&tracking_id=7192863e-e9aa-4e7f-af6e-ff0d3e6cd56e
Alquiler Monoambiente Centro Rio Amoblado,250000.0,"Corrientes 100, Centro, Rosario, Santa Fe",1,1,36.0,https://departamento.mercadolibre.com.ar/MLA-1943100702-alquiler-monoambiente-centro-rio-amoblado-_JM#polycard_client=search-nordic&position=5&search_layout=grid&type=item&tracking_id=7192863e-e9aa-4e7f-af6e-ff0d3e6cd56e
Maui Alquiler Un Dormitorio Vista Al Rio,600000.0,"Avenida Estanislao Lopez 2671, Puerto Norte, Rosario, Santa Fe",2,1,47.0,https://departamento.mercadolibre.com.ar/MLA-1924021086-maui-alquiler-un-dormitorio-vista-al-rio-_JM#polycard_client=search-nordic&position=6&search_layout=grid&type=item&tracking_id=7192863e-e9aa-4e7f-af6e-ff0d3e6cd56e
Alquiler Departamento De Pasillo 2 Dormitorios,200000.0,"Juan Manuel De Rosas 3259, La Tablada, Rosario, Santa Fe",3,1,60.0,https://departamento.mercadolibre.com.ar/MLA-1934396174-alquiler-departamento-de-pasillo-2-dormitorios-_JM#polycard_client=search-nordic&position=7&search_layout=grid&type=item&tracking_id=7192863e-e9aa-4e7f-af6e-ff0d3e6cd56e
"Departamento 3 Dormitorios - Ayres De Fisherton - Amenities - Juárez Celman 600, Rosario | Alquiler",750000.0,"Juarez Celman 650 Bis, Fisherton, Rosario, Santa Fe",4,3,84.0,https://departamento.mercadolibre.com.ar/MLA-1937341556-departamento-3-dormitorios-ayres-de-fisherton-amenities-juarez-celman-600-rosario-alquiler-_JM#polycard_client=search-nordic&position=8&search_layout=grid&type=item&tracking_id=7192863e-e9aa-4e7f-af6e-ff0d3e6cd56e
Alquiler- Monoambiente - España Y Hospitales,150000.0,"Dean Funes 1000 - Piso 1º Dpto C, Rosario, Santa Fe",1,1,33.0,https://departamento.mercadolibre.com.ar/MLA-1863957660-alquiler-monoambiente-espana-y-hospitales-_JM#polycard_client=search-nordic&position=10&search_layout=grid&type=item&tracking_id=7192863e-e9aa-4e7f-af6e-ff0d3e6cd56e
Alquiler - Departamento- Loft- Abasto,200000.0,"Cochabamba 800 - Piso 4º Dpto B, Abasto, Rosario, Santa Fe",1,1,32.0,https://departamento.mercadolibre.com.ar/MLA-1906597076-alquiler-departamento-loft-abasto-_JM#polycard_client=search-nordic&position=11&search_layout=grid&type=item&tracking_id=7192863e-e9aa-4e7f-af6e-ff0d3e6cd56e
"Departamento, Dos Dormitorios, Cochera, Calidad Werk, Impecable, Centro.",800000.0,"SAN Juan Al 1740, Centro, Rosario, Santa Fe",3,2,102.0,https://departamento.mercadolibre.com.ar/MLA-1935996970-departamento-dos-dormitorios-cochera-calidad-werk-impecable-centro-_JM#polycard_client=search-nordic&position=12&search_layout=grid&type=item&tracking_id=7192863e-e9aa-4e7f-af6e-ff0d3e6cd56e
Departamento En Puerto Norte,1200.0,"Torre Genoa, Puerto Norte, Puerto Norte, Rosario, Santa Fe",4,2,105.0,https://departamento.mercadolibre.com.ar/MLA-1453406275-departamento-en-puerto-norte-_JM#polycard_client=search-nordic&position=13&search_layout=grid&type=item&tracking_id=7192863e-e9aa-4e7f-af6e-ff0d3e6cd56e
Maui- Alquiler De Departamento De 1 Dormitorio Maui Puerto Norte Rosario,600.0,"Maui, Puerto Norte, Rosario, Santa Fe",2,1,38.0,https://departamento.mercadolibre.com.ar/MLA-1927410196-maui-alquiler-de-departamento-de-1-dormitorio-maui-puerto-norte-rosario-_JM#polycard_client=search-nordic&position=14&search_layout=grid&type=item&tracking_id=7192863e-e9aa-4e7f-af6e-ff0d3e6cd56e
Alquiler - Departamento- Monoambiente- Abasto,220000.0,"Cochabamba 800 - Piso 3º Dpto C, Abasto, Rosario, Santa Fe",1,1,32.0,https://departamento.mercadolibre.com.ar/MLA-1925142920-alquiler-departamento-monoambiente-abasto-_JM#polycard_client=search-nordic&position=15&search_layout=grid&type=item&tracking_id=7192863e-e9aa-4e7f-af6e-ff0d3e6cd56e
Departamento- Dos Dormitorios -cochera- Palos Verdes,430000.0,"García Del Cossio 2050 (palos Verdes), Fisherton, Rosario, Santa Fe",5,1,78.0,https://departamento.mercadolibre.com.ar/MLA-1455817251-departamento-dos-dormitorios-cochera-palos-verdes-_JM#polycard_client=search-nordic&position=16&search_layout=grid&type=item&tracking_id=7192863e-e9aa-4e7f-af6e-ff0d3e6cd56e
Alquiler - Departamento- Mono-ambiente- Abasto,220000.0,"Cochabamba 800 - Piso 5º Dpto C, Abasto, Rosario, Santa Fe",1,1,27.0,https://departamento.mercadolibre.com.ar/MLA-1449248255-alquiler-departamento-mono-ambiente-abasto-_JM#polycard_client=search-nordic&position=17&search_layout=grid&type=item&tracking_id=7192863e-e9aa-4e7f-af6e-ff0d3e6cd56e
Alquiler - Departamento- Abasto,250000.0,"Cochabamba 800 - Piso 7º Dpto B, Abasto, Rosario, Santa Fe",1,1,32.0,https://departamento.mercadolibre.com.ar/MLA-1918163278-alquiler-departamento-abasto-_JM#polycard_client=search-nordic&position=18&search_layout=grid&type=item&tracking_id=7192863e-e9aa-4e7f-af6e-ff0d3e6cd56e
Alquiler - Departamento- Abasto,200000.0,"Cochabamba 800 - Piso 4º Dpto C, Abasto, Rosario, Santa Fe",1,1,32.0,https://departamento.mercadolibre.com.ar/MLA-1449217617-alquiler-departamento-abasto-_JM#polycard_client=search-nordic&position=19&search_layout=grid&type=item&tracking_id=7192863e-e9aa-4e7f-af6e-ff0d3e6cd56e
Duplex Vista Franca Al Río En Edificio Premium 2 Dormitorios 2 Cocheras,1800.0,"Carballo 380, Puerto Norte, Rosario, Santa Fe",5,3,153.0,https://departamento.mercadolibre.com.ar/MLA-1455926549-duplex-vista-franca-al-rio-en-edificio-premium-2-dormitorios-2-cocheras-_JM#polycard_client=search-nordic&position=20&search_layout=grid&type=item&tracking_id=7192863e-e9aa-4e7f-af6e-ff0d3e6cd56e
"Departamento En Venta, Dos Dormitrios Oasis Del Yacht",2500.0,"Oasis Del Yacht, Rosario, Santa Fe",3,3,226.0,https://departamento.mercadolibre.com.ar/MLA-1935150634-departamento-en-venta-dos-dormitrios-oasis-del-yacht-_JM#polycard_client=search-nordic&position=21&search_layout=grid&type=item&tracking_id=7192863e-e9aa-4e7f-af6e-ff0d3e6cd56e
Departamento Premium En Rosario Alquiler Con Vista Franca Al Rio 2 Dormitorios 2 Cocheras,1800.0,"Avellaneda 1300 Bis, Centro, Rosario, Santa Fe",5,3,153.0,https://departamento.mercadolibre.com.ar/MLA-1938440126-departamento-premium-en-rosario-alquiler-con-vista-franca-al-rio-2-dormitorios-2-cocheras-_JM#polycard_client=search-nordic&position=22&search_layout=grid&type=item&tracking_id=7192863e-e9aa-4e7f-af6e-ff0d3e6cd56e
Monoambiente Con Patio De Planta Baja Uso Comercial Apto,200000.0,"Zeballos 112, Martin, Rosario, Santa Fe",1,1,22.0,https://departamento.mercadolibre.com.ar/MLA-1900595764-monoambiente-con-patio-de-planta-baja-uso-comercial-apto-_JM#polycard_client=search-nordic&position=23&search_layout=grid&type=item&tracking_id=7192863e-e9aa-4e7f-af6e-ff0d3e6cd56e
Av. Pellegrini Y Laprida - 1 Dor - Alquiler - Amenities,500000.0,"Av. Pellegrini Y Laprida - 1 Dormitorio, Centro, Rosario, Santa Fe",2,1,67.0,https://departamento.mercadolibre.com.ar/MLA-1934878162-av-pellegrini-y-laprida-1-dor-alquiler-amenities-_JM#polycard_client=search-nordic&position=24&search_layout=grid&type=item&tracking_id=7192863e-e9aa-4e7f-af6e-ff0d3e6cd56e
Entorno Único Departamento Premium Vista Franca Al Rio En Rosario 2 Dormitorios 2 Cocheras,1800.0,"Wheelwright 1220, Centro, Rosario, Santa Fe",5,3,153.0,https://departamento.mercadolibre.com.ar/MLA-1938401644-entorno-unico-departamento-premium-vista-franca-al-rio-en-rosario-2-dormitorios-2-cocheras-_JM#polycard_client=search-nordic&position=25&search_layout=grid&type=item&tracking_id=7192863e-e9aa-4e7f-af6e-ff0d3e6cd56e
Alquiler - Departamento - Lourdes,350000.0,"Av. Ovidio Lagos 1200 - Piso 1º Dpto B, Rosario, Santa Fe",3,1,60.0,https://departamento.mercadolibre.com.ar/MLA-1453677107-alquiler-departamento-lourdes-_JM#polycard_client=search-nordic&position=26&search_layout=grid&type=item&tracking_id=7192863e-e9aa-4e7f-af6e-ff0d3e6cd56e
Richieri Al 400 Pje. Demarchi 2930 Pb Dto A,320000.0,"Pasaje Demarchi 2930 PB Dto A, Alberto Olmedo, Rosario, Santa Fe",4,1,50.0,https://departamento.mercadolibre.com.ar/MLA-1444667831-richieri-al-400-pje-demarchi-2930-pb-dto-a-_JM#polycard_client=search-nordic&position=27&search_layout=grid&type=item&tracking_id=7192863e-e9aa-4e7f-af6e-ff0d3e6cd56e
Alquiler- 2 Dormitorios- Balcón- Terraza Parrillero-facultades Medicina,450000.0,"San Juan 3093 Esq Av. Francia, Rosario, Santa Fe",3,1,50.0,https://departamento.mercadolibre.com.ar/MLA-1934837346-alquiler-2-dormitorios-balcon-terraza-parrillero-facultades-medicina-_JM#polycard_client=search-nordic&position=28&search_layout=grid&type=item&tracking_id=7192863e-e9aa-4e7f-af6e-ff0d3e6cd56e
"Alquiler Temporario 1 Dormitorio 6a - San Lorenzo 2706, Rosario",400000.0,"San Lorenzo 2706, Alberto Olmedo, Rosario, Santa Fe",3,1,42.0,https://departamento.mercadolibre.com.ar/MLA-1903131378-alquiler-temporario-1-dormitorio-6a-san-lorenzo-2706-rosario-_JM#polycard_client=search-nordic&position=29&search_layout=grid&type=item&tracking_id=7192863e-e9aa-4e7f-af6e-ff0d3e6cd56e
Alquiler - Departamento - Rep. De La Sexta,160000.0,"Necochea 1800 - Piso 4º Dpto C, República De La Sexta, Rosario, Santa Fe",1,1,24.0,https://departamento.mercadolibre.com.ar/MLA-1454338635-alquiler-departamento-rep-de-la-sexta-_JM#polycard_client=search-nordic&position=30&search_layout=grid&type=item&tracking_id=7192863e-e9aa-4e7f-af6e-ff0d3e6cd56e
Santa Fe 2285 - Amplio Dpto De 2 Dormitorios Externo. Con Cochera.,680000.0,"Santa Fe 2250, Centro, Rosario, Santa Fe",3,2,65.0,https://departamento.mercadolibre.com.ar/MLA-1884132098-santa-fe-2285-amplio-dpto-de-2-dormitorios-externo-con-cochera-_JM#polycard_client=search-nordic&position=31&search_layout=grid&type=item&tracking_id=7192863e-e9aa-4e7f-af6e-ff0d3e6cd56e
9 De Julio 925 - Amplio Dpto De 2 Dormitorios Externo. Con Cochera.,480000.0,"9 De Julio 950, Centro, Rosario, Santa Fe",3,2,75.0,https://departamento.mercadolibre.com.ar/MLA-1452229503-9-de-julio-925-amplio-dpto-de-2-dormitorios-externo-con-cochera-_JM#polycard_client=search-nordic&position=32&search_layout=grid&type=item&tracking_id=7192863e-e9aa-4e7f-af6e-ff0d3e6cd56e
Monoambiente Con Cochera Falucho 389bis Zona Alto Rosario,210000.0,"FALUCHO 389, Puerto Norte, Rosario, Santa Fe",1,1,30.0,https://departamento.mercadolibre.com.ar/MLA-1939242748-monoambiente-con-cochera-falucho-389bis-zona-alto-rosario-_JM#polycard_client=search-nordic&position=33&search_layout=grid&type=item&tracking_id=7192863e-e9aa-4e7f-af6e-ff0d3e6cd56e
Alquiler Departamento 1 Dormitorio,295800.0,"Brown Al 1700, Centro, Rosario, Santa Fe",2,1,35.0,https://departamento.mercadolibre.com.ar/MLA-1452964951-alquiler-departamento-1-dormitorio-_JM#polycard_client=search-nordic&position=35&search_layout=grid&type=item&tracking_id=7192863e-e9aa-4e7f-af6e-ff0d3e6cd56e
Alquiler - Departamento - Barrio Martin,210000.0,"Zeballos 500 - Piso 2º Dpto E, Centro, Rosario, Santa Fe",2,1,34.0,https://departamento.mercadolibre.com.ar/MLA-1931273696-alquiler-departamento-barrio-martin-_JM#polycard_client=search-nordic&position=36&search_layout=grid&type=item&tracking_id=7192863e-e9aa-4e7f-af6e-ff0d3e6cd56e
"Monoambiente, Moderno, Eléctrico, Barrio Martin",140000.0,"Zeballos Al 475, Martin, Rosario, Santa Fe",1,1,30.0,https://departamento.mercadolibre.com.ar/MLA-1912951502-monoambiente-moderno-electrico-barrio-martin-_JM#polycard_client=search-nordic&position=37&search_layout=grid&type=item&tracking_id=7192863e-e9aa-4e7f-af6e-ff0d3e6cd56e
Montevideo 1737 Con Patio,220000.0,"MONTEVIDEO 1737, Rosario, Santa Fe",3,1,38.0,https://departamento.mercadolibre.com.ar/MLA-1455675213-montevideo-1737-con-patio-_JM#polycard_client=search-nordic&position=38&search_layout=grid&type=item&tracking_id=7192863e-e9aa-4e7f-af6e-ff0d3e6cd56e
Excelente Categoria Y Superficie,330000.0,"Cordoba 3701 8° 01, Echesortu, Rosario, Santa Fe",2,1,62.0,https://departamento.mercadolibre.com.ar/MLA-1455385475-excelente-categoria-y-superficie-_JM#polycard_client=search-nordic&position=39&search_layout=grid&type=item&tracking_id=7192863e-e9aa-4e7f-af6e-ff0d3e6cd56e
"Monoambiente, Estrenar, Barrio Abasto, Parrillero, Solarium.",220000.0,"Cochabamba 842, Abasto, Rosario, Santa Fe",1,1,33.0,https://departamento.mercadolibre.com.ar/MLA-1938804710-monoambiente-estrenar-barrio-abasto-parrillero-solarium-_JM#polycard_client=search-nordic&position=40&search_layout=grid&type=item&tracking_id=7192863e-e9aa-4e7f-af6e-ff0d3e6cd56e
Lourdes- Alquiler- Balcon -santiago Esquina San Juan,210000.0,"Santiago 1104, Rosario, Santa Fe",2,1,35.0,https://departamento.mercadolibre.com.ar/MLA-1455722325-lourdes-alquiler-balcon-santiago-esquina-san-juan-_JM#polycard_client=search-nordic&position=42&search_layout=grid&type=item&tracking_id=7192863e-e9aa-4e7f-af6e-ff0d3e6cd56e
"Monoambiente, Estrenar, Barrio Abasto, Parrillero, Solarium.",200000.0,"Cochabamba 842, Abasto, Rosario, Santa Fe",1,1,30.0,https://departamento.mercadolibre.com.ar/MLA-1938845130-monoambiente-estrenar-barrio-abasto-parrillero-solarium-_JM#polycard_client=search-nordic&position=43&search_layout=grid&type=item&tracking_id=7192863e-e9aa-4e7f-af6e-ff0d3e6cd56e
Santiago 596 - Amplio Dpto De 1 Dormitorio Externo.,300000.0,"Santiago 550, Centro, Rosario, Santa Fe",2,1,40.0,https://departamento.mercadolibre.com.ar/MLA-1455826505-santiago-596-amplio-dpto-de-1-dormitorio-externo-_JM#polycard_client=search-nordic&position=44&search_layout=grid&type=item&tracking_id=7192863e-e9aa-4e7f-af6e-ff0d3e6cd56e
Departamento En Alquiler Permanente 1 Dorm Centro,390000.0,"Mendoza 1800, Centro, Rosario, Santa Fe",2,1,37.0,https://departamento.mercadolibre.com.ar/MLA-1934396522-departamento-en-alquiler-permanente-1-dorm-centro-_JM#polycard_client=search-nordic&position=45&search_layout=grid&type=item&tracking_id=7192863e-e9aa-4e7f-af6e-ff0d3e6cd56e
Alquiler - Monoambiente- Zona Rio. Dorrego Y Jujuy,210000.0,"Dorrego 139, Centro, Rosario, Santa Fe",1,1,35.0,https://departamento.mercadolibre.com.ar/MLA-1934615948-alquiler-monoambiente-zona-rio-dorrego-y-jujuy-_JM#polycard_client=search-nordic&position=46&search_layout=grid&type=item&tracking_id=7192863e-e9aa-4e7f-af6e-ff0d3e6cd56e
Crespo 647 - Dpto De 1 Dormitorio Externo.,250000.0,"Crespo 650, Centro, Rosario, Santa Fe",2,1,34.0,https://departamento.mercadolibre.com.ar/MLA-1452828783-crespo-647-dpto-de-1-dormitorio-externo-_JM#polycard_client=search-nordic&position=47&search_layout=grid&type=item&tracking_id=7192863e-e9aa-4e7f-af6e-ff0d3e6cd56e
Constitución 974 - Departamento De Un Dormitorio En Alquiler En Rosario,270000.0,"Constitución Y San Luis, Rosario, Santa Fe",2,1,37.0,https://departamento.mercadolibre.com.ar/MLA-1441612305-constitucion-974-departamento-de-un-dormitorio-en-alquiler-en-rosario-_JM#polycard_client=search-nordic&position=48&search_layout=grid&type=item&tracking_id=7192863e-e9aa-4e7f-af6e-ff0d3e6cd56e
Alquiler- Echesortu- Frente Plaza Buratovich- Balcon Al Frente,190000.0,"San Nicolas 1394, Rosario, Santa Fe",2,1,35.0,https://departamento.mercadolibre.com.ar/MLA-1455675581-alquiler-echesortu-frente-plaza-buratovich-balcon-al-frente-_JM#polycard_client=search-nordic&position=2&search_layout=grid&type=item&tracking_id=cfd6470d-6c30-4d35-9f69-e70412515a34
Departamento Monoambiente - San Lorenzo 800 - Centro Rosario | Alquiler,160000.0,"San Lorenzo 807, Centro, Rosario, Santa Fe",1,1,28.0,https://departamento.mercadolibre.com.ar/MLA-1910713456-departamento-monoambiente-san-lorenzo-800-centro-rosario-alquiler-_JM#polycard_client=search-nordic&position=3&search_layout=grid&type=item&tracking_id=cfd6470d-6c30-4d35-9f69-e70412515a34
Rondeau 216 Con Cochera,225000.0,"RONDEAU 216, Rosario, Santa Fe",1,1,28.0,https://departamento.mercadolibre.com.ar/MLA-1455704395-rondeau-216-con-cochera-_JM#polycard_client=search-nordic&position=4&search_layout=grid&type=item&tracking_id=cfd6470d-6c30-4d35-9f69-e70412515a34
Departamento Un Dormitorio Zona Facultades Medicina Odontología Pichincha,230000.0,"Cordoba Al 3002, Alberto Olmedo, Rosario, Santa Fe",3,1,42.0,https://departamento.mercadolibre.com.ar/MLA-1883051224-departamento-un-dormitorio-zona-facultades-medicina-odontologia-pichincha-_JM#polycard_client=search-nordic&position=5&search_layout=grid&type=item&tracking_id=cfd6470d-6c30-4d35-9f69-e70412515a34
Departamento - Rosario,1000000.0,"Rosario - 1ro De Mayo 923 9°, Rosario, Santa Fe",7,2,150.0,https://departamento.mercadolibre.com.ar/MLA-1446050219-departamento-rosario-_JM#polycard_client=search-nordic&position=6&search_layout=grid&type=item&tracking_id=cfd6470d-6c30-4d35-9f69-e70412515a34
Jujuy 2162 - Dpto De 2 Dormitorios Externo.,330000.0,"Jujuy 2150, Centro, Rosario, Santa Fe",3,1,46.0,https://departamento.mercadolibre.com.ar/MLA-1913266986-jujuy-2162-dpto-de-2-dormitorios-externo-_JM#polycard_client=search-nordic&position=7&search_layout=grid&type=item&tracking_id=cfd6470d-6c30-4d35-9f69-e70412515a34
Montevideo 1930 - Amplio Dpto Monoambiente Externo.,210000.0,"Montevideo 1950, Centro, Rosario, Santa Fe",1,1,38.0,https://departamento.mercadolibre.com.ar/MLA-1454081801-montevideo-1930-amplio-dpto-monoambiente-externo-_JM#polycard_client=search-nordic&position=8&search_layout=grid&type=item&tracking_id=cfd6470d-6c30-4d35-9f69-e70412515a34
Alquiler Departamento Parque España. Corrientes Y Jujuy,160000.0,"Corrientes 147, Rosario, Santa Fe",1,1,30.0,https://departamento.mercadolibre.com.ar/MLA-1899446054-alquiler-departamento-parque-espana-corrientes-y-jujuy-_JM#polycard_client=search-nordic&position=9&search_layout=grid&type=item&tracking_id=cfd6470d-6c30-4d35-9f69-e70412515a34
"Monoambiente, Moderno, Planta Baja, Impecable, Terraza",200000.0,"Urquiza 2865 00-02, Centro, Rosario, Santa Fe",1,1,30.0,https://departamento.mercadolibre.com.ar/MLA-1933514666-monoambiente-moderno-planta-baja-impecable-terraza-_JM#polycard_client=search-nordic&position=10&search_layout=grid&type=item&tracking_id=cfd6470d-6c30-4d35-9f69-e70412515a34
Zeballos 500 - Departamento De 1 Dormitorios En Alquiler En Rosario.,400000.0,"Zeballos Y J. M. De Rosas, Martin, Rosario, Santa Fe",2,1,38.0,https://departamento.mercadolibre.com.ar/MLA-1454345715-zeballos-500-departamento-de-1-dormitorios-en-alquiler-en-rosario-_JM#polycard_client=search-nordic&position=11&search_layout=grid&type=item&tracking_id=cfd6470d-6c30-4d35-9f69-e70412515a34
Entre Rios 443,340000.0,"ENTRE RIOS 443, Rosario, Santa Fe",4,1,65.0,https://departamento.mercadolibre.com.ar/MLA-1894328788-entre-rios-443-_JM#polycard_client=search-nordic&position=12&search_layout=grid&type=item&tracking_id=cfd6470d-6c30-4d35-9f69-e70412515a34
Cerrito 1688 - Dpto De 1 Dormitorio Externo.,200000.0,"Cerrito 1650, Centro, Rosario, Santa Fe",2,1,30.0,https://departamento.mercadolibre.com.ar/MLA-1939887798-cerrito-1688-dpto-de-1-dormitorio-externo-_JM#polycard_client=search-nordic&position=13&search_layout=grid&type=item&tracking_id=cfd6470d-6c30-4d35-9f69-e70412515a34
Departamento Vista Despejada Monoambiente Alquiler,220000.0,"Salta Al 3200, Alberto Olmedo, Rosario, Santa Fe",1,1,25.0,https://departamento.mercadolibre.com.ar/MLA-1455124985-departamento-vista-despejada-monoambiente-alquiler-_JM#polycard_client=search-nordic&position=14&search_layout=grid&type=item&tracking_id=cfd6470d-6c30-4d35-9f69-e70412515a34
Alquiler. Abasto. Rosario. Balcón Al Frente. Corrientes 2100,200000.0,"Corrientes 2172, Abasto, Rosario, Santa Fe",2,1,30.0,https://departamento.mercadolibre.com.ar/MLA-1450444317-alquiler-abasto-rosario-balcon-al-frente-corrientes-2100-_JM#polycard_client=search-nordic&position=15&search_layout=grid&type=item&tracking_id=cfd6470d-6c30-4d35-9f69-e70412515a34
Salta 3217 - Dpto De 1 Dormitorio.,290000.0,"Salta 3250, Centro, Rosario, Santa Fe",2,1,42.0,https://departamento.mercadolibre.com.ar/MLA-1448300579-salta-3217-dpto-de-1-dormitorio-_JM#polycard_client=search-nordic&position=16&search_layout=grid&type=item&tracking_id=cfd6470d-6c30-4d35-9f69-e70412515a34
Ituzaingo 455 - Dpto De 1 Dormitorio.,170000.0,"Ituzaingo 450, Centro, Rosario, Santa Fe",2,1,32.0,https://departamento.mercadolibre.com.ar/MLA-1449750737-ituzaingo-455-dpto-de-1-dormitorio-_JM#polycard_client=search-nordic&position=17&search_layout=grid&type=item&tracking_id=cfd6470d-6c30-4d35-9f69-e70412515a34
Departamento De 1 Dormitorio En Alquiler Salta Y Balcarce,220000.0,"Salta 2108, Centro, Rosario, Santa Fe",2,1,45.0,https://departamento.mercadolibre.com.ar/MLA-1932144080-departamento-de-1-dormitorio-en-alquiler-salta-y-balcarce-_JM#polycard_client=search-nordic&position=18&search_layout=grid&type=item&tracking_id=cfd6470d-6c30-4d35-9f69-e70412515a34
Departamento Un Dormitorio Amoblado Lourdes,350000.0,"San Juan 2800, Centro, Rosario, Santa Fe",2,1,32.0,https://departamento.mercadolibre.com.ar/MLA-1912669084-departamento-un-dormitorio-amoblado-lourdes-_JM#polycard_client=search-nordic&position=19&search_layout=grid&type=item&tracking_id=cfd6470d-6c30-4d35-9f69-e70412515a34
Paraguay 2196 - Dpto De 1 Dormitorio Externo.,300000.0,"Paraguay 2150, Centro, Rosario, Santa Fe",2,1,42.0,https://departamento.mercadolibre.com.ar/MLA-1452857739-paraguay-2196-dpto-de-1-dormitorio-externo-_JM#polycard_client=search-nordic&position=20&search_layout=grid&type=item&tracking_id=cfd6470d-6c30-4d35-9f69-e70412515a34
Dorrego 140 - Dpto Monoambiente Externo.,220000.0,"Dorrego 150, Centro, Rosario, Santa Fe",1,1,30.0,https://departamento.mercadolibre.com.ar/MLA-1454030841-dorrego-140-dpto-monoambiente-externo-_JM#polycard_client=search-nordic&position=21&search_layout=grid&type=item&tracking_id=cfd6470d-6c30-4d35-9f69-e70412515a34
"Alquiler Departamento 2 Dormitorios, Cochera Y Amenities En Barrio Privado Sol Paraná - Pueblo Esther",360000.0,"Sol Parana, Pueblo Esther, Rosario, Santa Fe",3,1,85.0,https://departamento.mercadolibre.com.ar/MLA-1453385999-alquiler-departamento-2-dormitorios-cochera-y-amenities-en-barrio-privado-sol-parana-pueblo-esther-_JM#polycard_client=search-nordic&position=22&search_layout=grid&type=item&tracking_id=cfd6470d-6c30-4d35-9f69-e70412515a34
Alquiler - Departamento - Echesortu,210000.0,"Bv. Avellaneda 1200 - Piso 2º Dpto 04, Rosario, Santa Fe",2,1,39.0,https://departamento.mercadolibre.com.ar/MLA-1452261375-alquiler-departamento-echesortu-_JM#polycard_client=search-nordic&position=23&search_layout=grid&type=item&tracking_id=cfd6470d-6c30-4d35-9f69-e70412515a34
Entre Rios Al 1900 - Alquiler Departametno 1 Dormitorio En Rosario,170000.0,"Entre Rios Al 1900, Centro, Rosario, Santa Fe",2,1,26.0,https://departamento.mercadolibre.com.ar/MLA-1452695319-entre-rios-al-1900-alquiler-departametno-1-dormitorio-en-rosario-_JM#polycard_client=search-nordic&position=24&search_layout=grid&type=item&tracking_id=cfd6470d-6c30-4d35-9f69-e70412515a34
Suipacha 1139 - Dpto De 1 Dormitorio Externo. Con Cochera.,290000.0,"Suipacha 1150, Centro, Rosario, Santa Fe",2,1,30.0,https://departamento.mercadolibre.com.ar/MLA-1451722573-suipacha-1139-dpto-de-1-dormitorio-externo-con-cochera-_JM#polycard_client=search-nordic&position=25&search_layout=grid&type=item&tracking_id=cfd6470d-6c30-4d35-9f69-e70412515a34
Departamento De 2 Dormitorios,220000.0,"Gral Manuel N Savio 856 1°, General Las Heras, Rosario, Santa Fe",3,1,50.0,https://departamento.mercadolibre.com.ar/MLA-1446806283-departamento-de-2-dormitorios-_JM#polycard_client=search-nordic&position=26&search_layout=grid&type=item&tracking_id=cfd6470d-6c30-4d35-9f69-e70412515a34
Departamento 1 Dormitorio Balcon Corrido Al Frente Rosario,326400.0,"Laprida Al 1700, Rosario, Santa Fe",2,1,35.0,https://departamento.mercadolibre.com.ar/MLA-1447971703-departamento-1-dormitorio-balcon-corrido-al-frente-rosario-_JM#polycard_client=search-nordic&position=27&search_layout=grid&type=item&tracking_id=cfd6470d-6c30-4d35-9f69-e70412515a34
Departamento Con Cochera Y Terraza Exclusiva Con Parrillero!!,350000.0,"Catamarca Al 3600, Luis Agote, Rosario, Santa Fe",2,1,40.0,https://departamento.mercadolibre.com.ar/MLA-1450713799-departamento-con-cochera-y-terraza-exclusiva-con-parrillero-_JM#polycard_client=search-nordic&position=28&search_layout=grid&type=item&tracking_id=cfd6470d-6c30-4d35-9f69-e70412515a34
3 Febrero 1756 - Dpto Monoambiente.,130000.0,"3 Febrero 1750, Centro, Rosario, Santa Fe",1,1,20.0,https://departamento.mercadolibre.com.ar/MLA-1451728535-3-febrero-1756-dpto-monoambiente-_JM#polycard_client=search-nordic&position=29&search_layout=grid&type=item&tracking_id=cfd6470d-6c30-4d35-9f69-e70412515a34
Alquiler - Departamento - Ludueña,190000.0,"Urquiza 4300 - Piso 1º Dpto 02, Rosario, Santa Fe",2,1,44.0,https://departamento.mercadolibre.com.ar/MLA-1442218679-alquiler-departamento-luduena-_JM#polycard_client=search-nordic&position=30&search_layout=grid&type=item&tracking_id=cfd6470d-6c30-4d35-9f69-e70412515a34
Alquiler - Departamento - República De La Sexta,140000.0,"Cerrito 100 - Piso 4º Dpto B, República De La Sexta, Rosario, Santa Fe",1,1,40.0,https://departamento.mercadolibre.com.ar/MLA-1452234297-alquiler-departamento-republica-de-la-sexta-_JM#polycard_client=search-nordic&position=31&search_layout=grid&type=item&tracking_id=cfd6470d-6c30-4d35-9f69-e70412515a34
Paraguay 1988 - Amplio Dpto De 1 Dormitorio Externo.,270000.0,"Paraguay 1950, Centro, Rosario, Santa Fe",2,1,43.0,https://departamento.mercadolibre.com.ar/MLA-1939900110-paraguay-1988-amplio-dpto-de-1-dormitorio-externo-_JM#polycard_client=search-nordic&position=32&search_layout=grid&type=item&tracking_id=cfd6470d-6c30-4d35-9f69-e70412515a34
Jujuy 2773 - Dpto De 1 Dormitorio.,150000.0,"Jujuy 2750, Centro, Rosario, Santa Fe",2,1,35.0,https://departamento.mercadolibre.com.ar/MLA-1444575787-jujuy-2773-dpto-de-1-dormitorio-_JM#polycard_client=search-nordic&position=33&search_layout=grid&type=item&tracking_id=cfd6470d-6c30-4d35-9f69-e70412515a34
Alquiler Rosario Departamento Zona Facultades Medicina,120000.0,"Urquiza 3269 / 71, Luis Agote, Rosario, Santa Fe",2,1,27.0,https://departamento.mercadolibre.com.ar/MLA-1894735146-alquiler-rosario-departamento-zona-facultades-medicina-_JM#polycard_client=search-nordic&position=34&search_layout=grid&type=item&tracking_id=cfd6470d-6c30-4d35-9f69-e70412515a34
"9 De Julio 1900 - Departamento Monoambiente En Alquiler - Rosario, Centro",160000.0,"9 De Julio Y Moreno, Centro, Rosario, Santa Fe",1,1,26.0,https://departamento.mercadolibre.com.ar/MLA-1900116126-9-de-julio-1900-departamento-monoambiente-en-alquiler-rosario-centro-_JM#polycard_client=search-nordic&position=35&search_layout=grid&type=item&tracking_id=cfd6470d-6c30-4d35-9f69-e70412515a34
Departamento 1 Dormitorio - Italia 900 - Centro Rosario | Alquiler,215000.0,"Italia 928, Centro, Rosario, Santa Fe",2,1,43.0,https://departamento.mercadolibre.com.ar/MLA-1901952164-departamento-1-dormitorio-italia-900-centro-rosario-alquiler-_JM#polycard_client=search-nordic&position=36&search_layout=grid&type=item&tracking_id=cfd6470d-6c30-4d35-9f69-e70412515a34
Salta 2374 - Dpto Monoambiente.,180000.0,"Salta 2350, Centro, Rosario, Santa Fe",1,1,25.0,https://departamento.mercadolibre.com.ar/MLA-1452818059-salta-2374-dpto-monoambiente-_JM#polycard_client=search-nordic&position=37&search_layout=grid&type=item&tracking_id=cfd6470d-6c30-4d35-9f69-e70412515a34
Departamento En Alquiler,1200.0,"Jujuy 1325, Centro, Rosario, Santa Fe",5,2,105.0,https://departamento.mercadolibre.com.ar/MLA-1449874255-departamento-en-alquiler-_JM#polycard_client=search-nordic&position=38&search_layout=grid&type=item&tracking_id=cfd6470d-6c30-4d35-9f69-e70412515a34
Montevideo 1849 - Dpto Monoambiente.,230000.0,"Montevideo 1850, Centro, Rosario, Santa Fe",1,1,30.0,https://departamento.mercadolibre.com.ar/MLA-1881773030-montevideo-1849-dpto-monoambiente-_JM#polycard_client=search-nordic&position=39&search_layout=grid&type=item&tracking_id=cfd6470d-6c30-4d35-9f69-e70412515a34
Departamento - Centro,130000.0,"Mitre Al 1300, Rosario, Santa Fe",1,1,26.0,https://departamento.mercadolibre.com.ar/MLA-1438669403-departamento-centro-_JM#polycard_client=search-nordic&position=40&search_layout=grid&type=item&tracking_id=cfd6470d-6c30-4d35-9f69-e70412515a34
"Alquiler - Departamento De 2 Dormitorios Con Balcón En Zona Centro, Rosario",350000.0,"Balcarce 700, Centro, Rosario, Santa Fe",4,1,50.0,https://departamento.mercadolibre.com.ar/MLA-1913522142-alquiler-departamento-de-2-dormitorios-con-balcon-en-zona-centro-rosario-_JM#polycard_client=search-nordic&position=41&search_layout=grid&type=item&tracking_id=cfd6470d-6c30-4d35-9f69-e70412515a34
Rodriguez Al 1100 Alquiler Departamento 2 Dormitorios Con Cochera En Rosario,600000.0,"Rodriguez AL 1100, Rosario, Santa Fe",3,1,58.0,https://departamento.mercadolibre.com.ar/MLA-1442297259-rodriguez-al-1100-alquiler-departamento-2-dormitorios-con-cochera-en-rosario-_JM#polycard_client=search-nordic&position=42&search_layout=grid&type=item&tracking_id=cfd6470d-6c30-4d35-9f69-e70412515a34
Alquiler - Departamento Tipo Duplex De Un Dormitorio A Metros De Bv. Oroño,320000.0,"9 De Julio Al 2200, Centro, Rosario, Santa Fe",2,1,37.0,https://departamento.mercadolibre.com.ar/MLA-1925140998-alquiler-departamento-tipo-duplex-de-un-dormitorio-a-metros-de-bv-orono-_JM#polycard_client=search-nordic&position=43&search_layout=grid&type=item&tracking_id=cfd6470d-6c30-4d35-9f69-e70412515a34
Departamento - Centro,900000.0,"Av. Pellegrini Al 800, Centro, Rosario, Santa Fe",4,2,140.0,https://departamento.mercadolibre.com.ar/MLA-1445157961-departamento-centro-_JM#polycard_client=search-nordic&position=44&search_layout=grid&type=item&tracking_id=cfd6470d-6c30-4d35-9f69-e70412515a34
Departamento 3 Dor - Centro - Zona Río,950000.0,"San Martín Al 400, Centro, Rosario, Santa Fe",4,2,120.0,https://departamento.mercadolibre.com.ar/MLA-1909439802-departamento-3-dor-centro-zona-rio-_JM#polycard_client=search-nordic&position=45&search_layout=grid&type=item&tracking_id=cfd6470d-6c30-4d35-9f69-e70412515a34
Departamento En Alquiler,1500000.0,"Av Carballo Al 100, Puerto Norte, Rosario, Santa Fe",3,2,113.0,https://departamento.mercadolibre.com.ar/MLA-1900101852-departamento-en-alquiler-_JM#polycard_client=search-nordic&position=46&search_layout=grid&type=item&tracking_id=cfd6470d-6c30-4d35-9f69-e70412515a34
Departamento En Centro,1200000.0,"Necochea Al 1300, Centro, Rosario, Santa Fe",6,3,125.0,https://departamento.mercadolibre.com.ar/MLA-1890317222-departamento-en-centro-_JM#polycard_client=search-nordic&position=47&search_layout=grid&type=item&tracking_id=cfd6470d-6c30-4d35-9f69-e70412515a34
Ov Lagos Al 100 - Alquiler Departamento 2 Dormitorios Amoblado En Pichincha Rosario,350000.0,"OV Lagos AL 100, Centro, Rosario, Santa Fe",3,1,81.0,https://departamento.mercadolibre.com.ar/MLA-1929835136-ov-lagos-al-100-alquiler-departamento-2-dormitorios-amoblado-en-pichincha-rosario-_JM#polycard_client=search-nordic&position=48&search_layout=grid&type=item&tracking_id=cfd6470d-6c30-4d35-9f69-e70412515a34
Alquiler Depto 1 Dormitorio Amoblado Quinquela,1500.0,"Avenida Del Huerto 1200, Centro, Rosario, Santa Fe",2,2,105.0,https://departamento.mercadolibre.com.ar/MLA-1926173884-alquiler-depto-1-dormitorio-amoblado-quinquela-_JM#polycard_client=search-nordic&position=1&search_layout=grid&type=item&tracking_id=b49d27f6-b480-4307-b942-e3cddc840cc0
Alquiler Departamento 3 Dormitorios C/cochera -110m2- Fisherton Golf- Contrato Anual,600000.0,"Eva Perón 9150, Fisherton, Rosario, Santa Fe",5,2,110.0,https://departamento.mercadolibre.com.ar/MLA-1456258877-alquiler-departamento-3-dormitorios-ccochera-110m2-fisherton-golf-contrato-anual-_JM#polycard_client=search-nordic&position=2&search_layout=grid&type=item&tracking_id=b49d27f6-b480-4307-b942-e3cddc840cc0
San Luis Al 500 - Venta Departamento De 1 Dormitorio En Rosario Centro,280000.0,"San Luis Al 500, Martin, Rosario, Santa Fe",2,1,43.0,https://departamento.mercadolibre.com.ar/MLA-1935120542-san-luis-al-500-venta-departamento-de-1-dormitorio-en-rosario-centro-_JM#polycard_client=search-nordic&position=3&search_layout=grid&type=item&tracking_id=b49d27f6-b480-4307-b942-e3cddc840cc0
Departamento - Puerto Norte,350000.0,"Thedy 343 Bis - Condo Norte, Puerto Norte, Rosario, Santa Fe",1,1,44.0,https://departamento.mercadolibre.com.ar/MLA-1939189750-departamento-puerto-norte-_JM#polycard_client=search-nordic&position=4&search_layout=grid&type=item&tracking_id=b49d27f6-b480-4307-b942-e3cddc840cc0
Departamento - Centro,235000.0,"Moreno 1054, Centro, Rosario, Santa Fe",1,1,34.0,https://departamento.mercadolibre.com.ar/MLA-1906595530-departamento-centro-_JM#polycard_client=search-nordic&position=5&search_layout=grid&type=item&tracking_id=b49d27f6-b480-4307-b942-e3cddc840cc0
Departamento En Alquiler 2 Dormitorios Maui,1200000.0,"Av. Estanislao Lopez Al 2600, Puerto Norte, Rosario, Santa Fe",3,3,90.0,https://departamento.mercadolibre.com.ar/MLA-1937333142-departamento-en-alquiler-2-dormitorios-maui-_JM#polycard_client=search-nordic&position=6&search_layout=grid&type=item&tracking_id=b49d27f6-b480-4307-b942-e3cddc840cc0
Alquiler Monoambiente Amoblado Centro Rosario,230000.0,"Mendoza Al 1400. Entre Corrientes Y Paraguay, Centro, Rosario, Santa Fe",1,1,34.0,https://departamento.mercadolibre.com.ar/MLA-1455634687-alquiler-monoambiente-amoblado-centro-rosario-_JM#polycard_client=search-nordic&position=7&search_layout=grid&type=item&tracking_id=b49d27f6-b480-4307-b942-e3cddc840cc0
Departamento - Microcentro,220000.0,"Rioja 1250- 9no Piso Al Norte, Rosario, Santa Fe",1,1,40.0,https://departamento.mercadolibre.com.ar/MLA-1938769544-departamento-microcentro-_JM#polycard_client=search-nordic&position=8&search_layout=grid&type=item&tracking_id=b49d27f6-b480-4307-b942-e3cddc840cc0
Departamento Duplex De Dos Dormitorios En Barrio Abasto,1200000.0,"Dorrego 1942 - Edificio Bruna, Abasto, Rosario, Santa Fe",3,1,88.0,https://departamento.mercadolibre.com.ar/MLA-1939202564-departamento-duplex-de-dos-dormitorios-en-barrio-abasto-_JM#polycard_client=search-nordic&position=9&search_layout=grid&type=item&tracking_id=b49d27f6-b480-4307-b942-e3cddc840cc0
Alquiler De Departamento 3 Dormitorios Con Cochera,1300.0,"Santiago 500, Centro, Rosario, Santa Fe",5,2,115.0,https://departamento.mercadolibre.com.ar/MLA-1456347029-alquiler-de-departamento-3-dormitorios-con-cochera-_JM#polycard_client=search-nordic&position=10&search_layout=grid&type=item&tracking_id=b49d27f6-b480-4307-b942-e3cddc840cc0
Oasis Del Yacht. Duplex 2 Dormitorios.,1800.0,"José Hernandez 1220, Alberdi, Rosario, Santa Fe",5,3,153.0,https://departamento.mercadolibre.com.ar/MLA-1939364192-oasis-del-yacht-duplex-2-dormitorios-_JM#polycard_client=search-nordic&position=11&search_layout=grid&type=item&tracking_id=b49d27f6-b480-4307-b942-e3cddc840cc0
Departamento Premium Vista Franca Al Rio 2 Dormitorios 2 Cocheras,1800.0,"Av Colombres 1300, Alberdi, Rosario, Santa Fe",5,3,153.0,https://departamento.mercadolibre.com.ar/MLA-1938465872-departamento-premium-vista-franca-al-rio-2-dormitorios-2-cocheras-_JM#polycard_client=search-nordic&position=12&search_layout=grid&type=item&tracking_id=b49d27f6-b480-4307-b942-e3cddc840cc0
Italia Al 1600 Alquiler Departamento 3 Dormitorios En Rosario,400000.0,"Italia AL 1600, Centro, Rosario, Santa Fe",4,1,68.0,https://departamento.mercadolibre.com.ar/MLA-1453148199-italia-al-1600-alquiler-departamento-3-dormitorios-en-rosario-_JM#polycard_client=search-nordic&position=13&search_layout=grid&type=item&tracking_id=b49d27f6-b480-4307-b942-e3cddc840cc0
"Departamento, Un Dormitorio, Amplio, Centro, Zona De Facultades, Luminoso",240000.0,"Corrientes Al 1273, Centro, Rosario, Santa Fe",2,1,45.0,https://departamento.mercadolibre.com.ar/MLA-1454288569-departamento-un-dormitorio-amplio-centro-zona-de-facultades-luminoso-_JM#polycard_client=search-nordic&position=14&search_layout=grid&type=item&tracking_id=b49d27f6-b480-4307-b942-e3cddc840cc0
Departamento En Alquiler Temporario Rioja 3100,250000.0,"Rioja 3154, Centro, Rosario, Santa Fe",1,1,35.0,https://departamento.mercadolibre.com.ar/MLA-1445307699-departamento-en-alquiler-temporario-rioja-3100-_JM#polycard_client=search-nordic&position=15&search_layout=grid&type=item&tracking_id=b49d27f6-b480-4307-b942-e3cddc840cc0
Departamento 1 Dor- Mendoza 300 - Martin,300000.0,"Mendoza Al 300, Martin, Rosario, Santa Fe",2,1,50.0,https://departamento.mercadolibre.com.ar/MLA-1456314731-departamento-1-dor-mendoza-300-martin-_JM#polycard_client=search-nordic&position=16&search_layout=grid&type=item&tracking_id=b49d27f6-b480-4307-b942-e3cddc840cc0
Alquiler Temporario Departamento En Condominios Del Alto Iii,950.0,"Thedy Al 100, Rosario, Santa Fe",2,1,60.0,https://departamento.mercadolibre.com.ar/MLA-1883045640-alquiler-temporario-departamento-en-condominios-del-alto-iii-_JM#polycard_client=search-nordic&position=17&search_layout=grid&type=item&tracking_id=b49d27f6-b480-4307-b942-e3cddc840cc0
Departamento En Macrocentro,220000.0,"Rioja 3100, Rosario, Santa Fe",1,1,35.0,https://departamento.mercadolibre.com.ar/MLA-1445282079-departamento-en-macrocentro-_JM#polycard_client=search-nordic&position=18&search_layout=grid&type=item&tracking_id=b49d27f6-b480-4307-b942-e3cddc840cc0
Departamento - Martin,330000.0,"Necochea Al 1500. Barrio Martín, Martin, Rosario, Santa Fe",2,1,45.0,https://departamento.mercadolibre.com.ar/MLA-1923464608-departamento-martin-_JM#polycard_client=search-nordic&position=19&search_layout=grid&type=item&tracking_id=b49d27f6-b480-4307-b942-e3cddc840cc0
Monoambiente En Alquiler Rosario,230000.0,"Francia Y San Luis' 07 D, Rosario, Santa Fe",1,1,29.0,https://departamento.mercadolibre.com.ar/MLA-1900591946-monoambiente-en-alquiler-rosario-_JM#polycard_client=search-nordic&position=20&search_layout=grid&type=item&tracking_id=b49d27f6-b480-4307-b942-e3cddc840cc0
Departamento Reciclado 2 Dormitorios En Alquiler,400000.0,"Entre Rios 800, Centro, Rosario, Santa Fe",3,1,65.0,https://departamento.mercadolibre.com.ar/MLA-1923202180-departamento-reciclado-2-dormitorios-en-alquiler-_JM#polycard_client=search-nordic&position=21&search_layout=grid&type=item&tracking_id=b49d27f6-b480-4307-b942-e3cddc840cc0
Departamento En Alquiler,360000.0,"Av Pellegrini 3709 - 11 Piso, Rosario, Santa Fe",2,1,50.0,https://departamento.mercadolibre.com.ar/MLA-1936706214-departamento-en-alquiler-_JM#polycard_client=search-nordic&position=22&search_layout=grid&type=item&tracking_id=b49d27f6-b480-4307-b942-e3cddc840cc0
Departamento Reciclado 2 Dormitorios En Alquiler,400000.0,"Entre Rios 800, Centro, Rosario, Santa Fe",3,1,65.0,https://departamento.mercadolibre.com.ar/MLA-1925178862-departamento-reciclado-2-dormitorios-en-alquiler-_JM#polycard_client=search-nordic&position=23&search_layout=grid&type=item&tracking_id=b49d27f6-b480-4307-b942-e3cddc840cc0
Departamento De Un Dormitorio En Güemes 2036,220000.0,"Güemes 2036 1°, Centro, Rosario, Santa Fe",2,1,40.0,https://departamento.mercadolibre.com.ar/MLA-1451013759-departamento-de-un-dormitorio-en-guemes-2036-_JM#polycard_client=search-nordic&position=24&search_layout=grid&type=item&tracking_id=b49d27f6-b480-4307-b942-e3cddc840cc0
Rioja Al 1900 Alquiler Departamento 2 Dormitorios En Rosario,350000.0,"Rioja AL 1900, Rosario, Santa Fe",3,1,48.0,https://departamento.mercadolibre.com.ar/MLA-1455383859-rioja-al-1900-alquiler-departamento-2-dormitorios-en-rosario-_JM#polycard_client=search-nordic&position=25&search_layout=grid&type=item&tracking_id=b49d27f6-b480-4307-b942-e3cddc840cc0
Mendoza Al 100 Alquiler Departamento 2 Dormitorios En Rosario,400000.0,"Mendoza AL 100, Rosario, Santa Fe",3,1,55.0,https://departamento.mercadolibre.com.ar/MLA-1442394011-mendoza-al-100-alquiler-departamento-2-dormitorios-en-rosario-_JM#polycard_client=search-nordic&position=26&search_layout=grid&type=item&tracking_id=b49d27f6-b480-4307-b942-e3cddc840cc0
Alquiler Lourdes Rosario. Categoria. Parque Independencia. Cochera Piscina Y Quincho,800000.0,"Pueyrredon Al 1639 Rosario, Rosario, Santa Fe",3,2,67.0,https://departamento.mercadolibre.com.ar/MLA-1448008107-alquiler-lourdes-rosario-categoria-parque-independencia-cochera-piscina-y-quincho-_JM#polycard_client=search-nordic&position=27&search_layout=grid&type=item&tracking_id=b49d27f6-b480-4307-b942-e3cddc840cc0
Alquiler Depto. 1 Dormitorio Lourdes,280000.0,"Alvear 1400, Centro, Rosario, Santa Fe",2,1,43.0,https://departamento.mercadolibre.com.ar/MLA-1450741899-alquiler-depto-1-dormitorio-lourdes-_JM#polycard_client=search-nordic&position=28&search_layout=grid&type=item&tracking_id=b49d27f6-b480-4307-b942-e3cddc840cc0
"Monoambiente, Amueblado, Impecable, Moderno, Pileta, Pichincha.",350.0,"Ov. Lagos Al 568, Alberto Olmedo, Rosario, Santa Fe",1,1,30.0,https://departamento.mercadolibre.com.ar/MLA-1883359784-monoambiente-amueblado-impecable-moderno-pileta-pichincha-_JM#polycard_client=search-nordic&position=29&search_layout=grid&type=item&tracking_id=b49d27f6-b480-4307-b942-e3cddc840cc0
Alquiler Temporario Equipado Departamento 2 Dormitorios En Zona Parque España,25.0,"Salta Al 1300, Centro, Rosario, Santa Fe",4,1,75.0,https://departamento.mercadolibre.com.ar/MLA-1931261456-alquiler-temporario-equipado-departamento-2-dormitorios-en-zona-parque-espana-_JM#polycard_client=search-nordic&position=30&search_layout=grid&type=item&tracking_id=b49d27f6-b480-4307-b942-e3cddc840cc0
Alquiler Temporario Departamento En Condominios Del Alto Iii,800.0,"Thedy Al 100, Rosario, Santa Fe",2,1,60.0,https://departamento.mercadolibre.com.ar/MLA-1443361561-alquiler-temporario-departamento-en-condominios-del-alto-iii-_JM#polycard_client=search-nordic&position=31&search_layout=grid&type=item&tracking_id=b49d27f6-b480-4307-b942-e3cddc840cc0
Alquiler Temporario Equipado Departamento 2 Dormitorios En Zona Parque España,575000.0,"Salta Al 1300, Centro, Rosario, Santa Fe",4,1,75.0,https://departamento.mercadolibre.com.ar/MLA-1454382837-alquiler-temporario-equipado-departamento-2-dormitorios-en-zona-parque-espana-_JM#polycard_client=search-nordic&position=32&search_layout=grid&type=item&tracking_id=b49d27f6-b480-4307-b942-e3cddc840cc0
Departamento En Alquiler 2 Dorm Amoblado Centro,870000.0,"Mitre 500, Centro, Rosario, Santa Fe",4,2,87.0,https://departamento.mercadolibre.com.ar/MLA-1453338265-departamento-en-alquiler-2-dorm-amoblado-centro-_JM#polycard_client=search-nordic&position=33&search_layout=grid&type=item&tracking_id=b49d27f6-b480-4307-b942-e3cddc840cc0
Alquiler Departamento De 3 Dormitorios Cochera Amenities Juan Manuel De Rosas Al 900 Rosario,480000.0,"Juan Manuel DE Rosas 955 03-04 Rosario, Centro, Rosario, Santa Fe",4,2,88.0,https://departamento.mercadolibre.com.ar/MLA-1931289324-alquiler-departamento-de-3-dormitorios-cochera-amenities-juan-manuel-de-rosas-al-900-rosario-_JM#polycard_client=search-nordic&position=34&search_layout=grid&type=item&tracking_id=b49d27f6-b480-4307-b942-e3cddc840cc0
Paraguay Al 1800 Alquiler Monoambiente Con Cochera En Rosario,240000.0,"Paraguay Al 1800, Rosario, Santa Fe",1,1,33.0,https://departamento.mercadolibre.com.ar/MLA-1454256127-paraguay-al-1800-alquiler-monoambiente-con-cochera-en-rosario-_JM#polycard_client=search-nordic&position=35&search_layout=grid&type=item&tracking_id=b49d27f6-b480-4307-b942-e3cddc840cc0
Departamento - Parque España,800000.0,"Salta Y Dorrego, Rosario, Santa Fe",4,2,61.0,https://departamento.mercadolibre.com.ar/MLA-1932696512-departamento-parque-espana-_JM#polycard_client=search-nordic&position=36&search_layout=grid&type=item&tracking_id=b49d27f6-b480-4307-b942-e3cddc840cc0
Zeballos Al 4000 Alquiler Departamento 2 Dormitorios En Rosario,300000.0,"Zeballos AL 4000, Rosario, Santa Fe",3,1,50.0,https://departamento.mercadolibre.com.ar/MLA-1927422558-zeballos-al-4000-alquiler-departamento-2-dormitorios-en-rosario-_JM#polycard_client=search-nordic&position=37&search_layout=grid&type=item&tracking_id=b49d27f6-b480-4307-b942-e3cddc840cc0
Departamento En Alquiler,380000.0,"Av Pellegrini 3709 - 8 Piso, Rosario, Santa Fe",2,1,50.0,https://departamento.mercadolibre.com.ar/MLA-1936704196-departamento-en-alquiler-_JM#polycard_client=search-nordic&position=38&search_layout=grid&type=item&tracking_id=b49d27f6-b480-4307-b942-e3cddc840cc0
Alquiler Departamento Dos Dormitorios,400000.0,"Cochabamba Al 300, República De La Sexta, Rosario, Santa Fe",3,2,60.0,https://departamento.mercadolibre.com.ar/MLA-1937932406-alquiler-departamento-dos-dormitorios-_JM#polycard_client=search-nordic&position=39&search_layout=grid&type=item&tracking_id=b49d27f6-b480-4307-b942-e3cddc840cc0
Santiago Al 800 Cetro Real - Alquiler Departamento 1 Dormitorio Barrio Lourdes,280000.0,"Santiago Al 800, Rosario, Santa Fe",2,1,39.0,https://departamento.mercadolibre.com.ar/MLA-1893159152-santiago-al-800-cetro-real-alquiler-departamento-1-dormitorio-barrio-lourdes-_JM#polycard_client=search-nordic&position=41&search_layout=grid&type=item&tracking_id=b49d27f6-b480-4307-b942-e3cddc840cc0
Departamento En Alquiler,450000.0,"Cordoba Al 1503 08-02, Rosario, Santa Fe",5,2,87.0,https://departamento.mercadolibre.com.ar/MLA-1858469250-departamento-en-alquiler-_JM#polycard_client=search-nordic&position=42&search_layout=grid&type=item&tracking_id=b49d27f6-b480-4307-b942-e3cddc840cc0
Tucuman Al 1600 - Venta Departamento De 1 Dormitorio En Rosario,330000.0,"Tucuman 1600, Rosario, Santa Fe",2,1,44.0,https://departamento.mercadolibre.com.ar/MLA-1917611682-tucuman-al-1600-venta-departamento-de-1-dormitorio-en-rosario-_JM#polycard_client=search-nordic&position=43&search_layout=grid&type=item&tracking_id=b49d27f6-b480-4307-b942-e3cddc840cc0
Alquiler Departamento Amoblado Rosario,350000.0,"Paraguay Al 1100, Centro, Rosario, Santa Fe",2,1,45.0,https://departamento.mercadolibre.com.ar/MLA-1926628874-alquiler-departamento-amoblado-rosario-_JM#polycard_client=search-nordic&position=44&search_layout=grid&type=item&tracking_id=b49d27f6-b480-4307-b942-e3cddc840cc0
Departamento En Alquiler,450000.0,"Cordoba Al 1503 08-02, Rosario, Santa Fe",5,2,87.0,https://departamento.mercadolibre.com.ar/MLA-1940058506-departamento-en-alquiler-_JM#polycard_client=search-nordic&position=45&search_layout=grid&type=item&tracking_id=b49d27f6-b480-4307-b942-e3cddc840cc0
Av. Francia Departamento Un Dormitorio En Alquiler Temporario,450.0,"Av. Francia Al 1300, Rosario, Santa Fe",2,1,47.0,https://departamento.mercadolibre.com.ar/MLA-1443387233-av-francia-departamento-un-dormitorio-en-alquiler-temporario-_JM#polycard_client=search-nordic&position=46&search_layout=grid&type=item&tracking_id=b49d27f6-b480-4307-b942-e3cddc840cc0
Departamento 2 Dormitorios - Oroño 500 - Centro Rosario | Alquiler,520000.0,"Oroño 547, Alberto Olmedo, Rosario, Santa Fe",4,2,64.0,https://departamento.mercadolibre.com.ar/MLA-1453291269-departamento-2-dormitorios-orono-500-centro-rosario-alquiler-_JM#polycard_client=search-nordic&position=47&search_layout=grid&type=item&tracking_id=b49d27f6-b480-4307-b942-e3cddc840cc0
Departamento En Centro,450000.0,"Crespo Al 1300, Centro, Rosario, Santa Fe",4,2,75.0,https://departamento.mercadolibre.com.ar/MLA-1455002811-departamento-en-centro-_JM#polycard_client=search-nordic&position=48&search_layout=grid&type=item&tracking_id=b49d27f6-b480-4307-b942-e3cddc840cc0
"Departamento, Un Dormitorio, Luminoso, Terraza, Parrillero",200000.0,"9 De Julio 1018, Centro, Rosario, Santa Fe",2,1,35.0,https://departamento.mercadolibre.com.ar/MLA-1932698614-departamento-un-dormitorio-luminoso-terraza-parrillero-_JM#polycard_client=search-nordic&position=1&search_layout=grid&type=item&tracking_id=4238bdc0-8d9f-47bf-85e5-79d2a4be9930
Oportunidad Cerca De Oroño,450000.0,"Santa Fe 2326 1°, Alberto Olmedo, Rosario, Santa Fe",3,1,50.0,https://departamento.mercadolibre.com.ar/MLA-1452809061-oportunidad-cerca-de-orono-_JM#polycard_client=search-nordic&position=2&search_layout=grid&type=item&tracking_id=4238bdc0-8d9f-47bf-85e5-79d2a4be9930
Departamento De 2 Dormitorios A Pasos Del Río,500000.0,"España 31, Centro, Rosario, Santa Fe",3,2,70.0,https://departamento.mercadolibre.com.ar/MLA-1935971322-departamento-de-2-dormitorios-a-pasos-del-rio-_JM#polycard_client=search-nordic&position=3&search_layout=grid&type=item&tracking_id=4238bdc0-8d9f-47bf-85e5-79d2a4be9930
"Monoambiente, Reciclado, Patio, Amueblado, Eléctrico, Centro.",350000.0,"9 DE Julio 2247, Centro, Rosario, Santa Fe",1,1,30.0,https://departamento.mercadolibre.com.ar/MLA-1932712870-monoambiente-reciclado-patio-amueblado-electrico-centro-_JM#polycard_client=search-nordic&position=4&search_layout=grid&type=item&tracking_id=4238bdc0-8d9f-47bf-85e5-79d2a4be9930
"Departamento De 1 Dormitorio, Sobre Av San Martín.",300000.0,"San Martin Nº5500, Rosario, Santa Fe",2,1,40.0,https://departamento.mercadolibre.com.ar/MLA-1906579000-departamento-de-1-dormitorio-sobre-av-san-martin-_JM#polycard_client=search-nordic&position=5&search_layout=grid&type=item&tracking_id=4238bdc0-8d9f-47bf-85e5-79d2a4be9930
Alquiler Monoambiente Barrio Martin,210000.0,"Pellegrini Al 600, Martin, Rosario, Santa Fe",1,1,4.0,https://departamento.mercadolibre.com.ar/MLA-1913292030-alquiler-monoambiente-barrio-martin-_JM#polycard_client=search-nordic&position=6&search_layout=grid&type=item&tracking_id=4238bdc0-8d9f-47bf-85e5-79d2a4be9930
"Departamento, Dos Dormitorios, Centro, Balcón Terraza, Opción Cochera.",280000.0,"Mitre Al 976 06, Centro, Rosario, Santa Fe",3,1,70.0,https://departamento.mercadolibre.com.ar/MLA-1448413871-departamento-dos-dormitorios-centro-balcon-terraza-opcion-cochera-_JM#polycard_client=search-nordic&position=7&search_layout=grid&type=item&tracking_id=4238bdc0-8d9f-47bf-85e5-79d2a4be9930
Depto. Amueblado Y Equipado.,240000.0,"Mendoza Esq. Paraguay. Equipado Y Amueblado., Rosario, Santa Fe",1,1,35.0,https://departamento.mercadolibre.com.ar/MLA-1448759473-depto-amueblado-y-equipado-_JM#polycard_client=search-nordic&position=8&search_layout=grid&type=item&tracking_id=4238bdc0-8d9f-47bf-85e5-79d2a4be9930
Alquiler Departamento Amoblado Rosario,400000.0,"Gral Mitre 600, Centro, Rosario, Santa Fe",3,1,50.0,https://departamento.mercadolibre.com.ar/MLA-1899105616-alquiler-departamento-amoblado-rosario-_JM#polycard_client=search-nordic&position=10&search_layout=grid&type=item&tracking_id=4238bdc0-8d9f-47bf-85e5-79d2a4be9930
"Departamento, Un Dormitorio, Barrio Martin, Luminoso, Cerca A Facultades.",230000.0,"Primero De Mayo Al 1663, Rosario, Santa Fe",2,1,40.0,https://departamento.mercadolibre.com.ar/MLA-1454536415-departamento-un-dormitorio-barrio-martin-luminoso-cerca-a-facultades-_JM#polycard_client=search-nordic&position=11&search_layout=grid&type=item&tracking_id=4238bdc0-8d9f-47bf-85e5-79d2a4be9930
"Departamento, Un Dormitorio, Balcón Interno, Zona Del Río.",200000.0,"Dorrego 18 Bis 03, Centro, Rosario, Santa Fe",2,1,50.0,https://departamento.mercadolibre.com.ar/MLA-1936022358-departamento-un-dormitorio-balcon-interno-zona-del-rio-_JM#polycard_client=search-nordic&position=12&search_layout=grid&type=item&tracking_id=4238bdc0-8d9f-47bf-85e5-79d2a4be9930
Departamento En Fisherton,550000.0,"Sarratea, Fisherton, Rosario, Santa Fe",4,1,107.0,https://departamento.mercadolibre.com.ar/MLA-1934410872-departamento-en-fisherton-_JM#polycard_client=search-nordic&position=13&search_layout=grid&type=item&tracking_id=4238bdc0-8d9f-47bf-85e5-79d2a4be9930
Departamento En Alquiler Dos Dormitorios Centro,410000.0,"Avenida Pellegrini 1300, Centro, Rosario, Santa Fe",3,1,55.0,https://departamento.mercadolibre.com.ar/MLA-1456334087-departamento-en-alquiler-dos-dormitorios-centro-_JM#polycard_client=search-nordic&position=14&search_layout=grid&type=item&tracking_id=4238bdc0-8d9f-47bf-85e5-79d2a4be9930
Departamento En Centro,400000.0,"Italia Al 300, Centro, Rosario, Santa Fe",5,1,61.0,https://departamento.mercadolibre.com.ar/MLA-1451134889-departamento-en-centro-_JM#polycard_client=search-nordic&position=15&search_layout=grid&type=item&tracking_id=4238bdc0-8d9f-47bf-85e5-79d2a4be9930
Departamento En Rosario,320000.0,"Moreno 135 Bis, Rosario, Santa Fe",2,1,57.0,https://departamento.mercadolibre.com.ar/MLA-1451678365-departamento-en-rosario-_JM#polycard_client=search-nordic&position=16&search_layout=grid&type=item&tracking_id=4238bdc0-8d9f-47bf-85e5-79d2a4be9930
Departamento En Centro,330000.0,"Laprida Al 2000, Centro, Rosario, Santa Fe",3,1,52.0,https://departamento.mercadolibre.com.ar/MLA-1918207374-departamento-en-centro-_JM#polycard_client=search-nordic&position=17&search_layout=grid&type=item&tracking_id=4238bdc0-8d9f-47bf-85e5-79d2a4be9930
Alquiler Departamento Monoambiente Amoblado Rosario Centro. Frente Luminoso Amplio Terraza Con Parrillero,255000.0,"Jujuy 1946, Centro, Rosario, Santa Fe",1,1,40.0,https://departamento.mercadolibre.com.ar/MLA-1453682793-alquiler-departamento-monoambiente-amoblado-rosario-centro-frente-luminoso-amplio-terraza-con-parrillero-_JM#polycard_client=search-nordic&position=18&search_layout=grid&type=item&tracking_id=4238bdc0-8d9f-47bf-85e5-79d2a4be9930
Monoambiente En Pellegrini Suites Barrio Martin,195000.0,"Pellegrini Al 300, Martin, Rosario, Santa Fe",1,1,31.0,https://departamento.mercadolibre.com.ar/MLA-1886765074-monoambiente-en-pellegrini-suites-barrio-martin-_JM#polycard_client=search-nordic&position=19&search_layout=grid&type=item&tracking_id=4238bdc0-8d9f-47bf-85e5-79d2a4be9930
Entre Rios 633,260000.0,"ENTRE RIOS 633, Rosario, Santa Fe",4,2,60.0,https://departamento.mercadolibre.com.ar/MLA-1894763502-entre-rios-633-_JM#polycard_client=search-nordic&position=20&search_layout=grid&type=item&tracking_id=4238bdc0-8d9f-47bf-85e5-79d2a4be9930
"Alquiler Dpto. 1 Dor A Estrenar, San Juan 2900 - Gazze",320000.0,"San Juan 2963, Rosario, Santa Fe",2,1,47.0,https://departamento.mercadolibre.com.ar/MLA-1446651373-alquiler-dpto-1-dor-a-estrenar-san-juan-2900-gazze-_JM#polycard_client=search-nordic&position=21&search_layout=grid&type=item&tracking_id=4238bdc0-8d9f-47bf-85e5-79d2a4be9930
Alquiler Departamento 2 Dormitorios Centro Rio,450000.0,"Corrientes 400, Centro, Rosario, Santa Fe",4,1,70.0,https://departamento.mercadolibre.com.ar/MLA-1455533511-alquiler-departamento-2-dormitorios-centro-rio-_JM#polycard_client=search-nordic&position=22&search_layout=grid&type=item&tracking_id=4238bdc0-8d9f-47bf-85e5-79d2a4be9930
Alquiler Temporario De Dos Dormitorios En Puerto Norte,1400.0,"Caseros Bis Al 100, Puerto Norte, Rosario, Santa Fe",3,2,84.0,https://departamento.mercadolibre.com.ar/MLA-1447975133-alquiler-temporario-de-dos-dormitorios-en-puerto-norte-_JM#polycard_client=search-nordic&position=23&search_layout=grid&type=item&tracking_id=4238bdc0-8d9f-47bf-85e5-79d2a4be9930
Entre Rios 633,260000.0,"ENTRE RIOS 633, Rosario, Santa Fe",4,2,60.0,https://departamento.mercadolibre.com.ar/MLA-1894315748-entre-rios-633-_JM#polycard_client=search-nordic&position=24&search_layout=grid&type=item&tracking_id=4238bdc0-8d9f-47bf-85e5-79d2a4be9930
Alquiler Departamento 2 Dormitorios Con Dependencias Entre Ríos Y Santa Fe Rosario,420000.0,"Entre Ríos 720 01-02 Rosario, Centro, Rosario, Santa Fe",5,1,119.0,https://departamento.mercadolibre.com.ar/MLA-1920611458-alquiler-departamento-2-dormitorios-con-dependencias-entre-rios-y-santa-fe-rosario-_JM#polycard_client=search-nordic&position=25&search_layout=grid&type=item&tracking_id=4238bdc0-8d9f-47bf-85e5-79d2a4be9930
"Alquiler - Monoambiente - Lourdes, Rosario",180000.0,"Pueyrredón Al 1400, Rosario, Santa Fe",1,1,25.0,https://departamento.mercadolibre.com.ar/MLA-1446726139-alquiler-monoambiente-lourdes-rosario-_JM#polycard_client=search-nordic&position=26&search_layout=grid&type=item&tracking_id=4238bdc0-8d9f-47bf-85e5-79d2a4be9930
Departamento 1 Dormitorio - Pje Fernando El Católico 4100- Rosario | Echesortu,210000.0,"Pje Fernando El Católico 4150, Rosario, Santa Fe",2,1,36.0,https://departamento.mercadolibre.com.ar/MLA-1936300028-departamento-1-dormitorio-pje-fernando-el-catolico-4100-rosario-echesortu-_JM#polycard_client=search-nordic&position=27&search_layout=grid&type=item&tracking_id=4238bdc0-8d9f-47bf-85e5-79d2a4be9930
Brown 1997 - Dpto De 2 Dormitorios Externo. Con Cochera.,480000.0,"Brown 1950, Centro, Rosario, Santa Fe",3,2,71.0,https://departamento.mercadolibre.com.ar/MLA-1929890092-brown-1997-dpto-de-2-dormitorios-externo-con-cochera-_JM#polycard_client=search-nordic&position=28&search_layout=grid&type=item&tracking_id=4238bdc0-8d9f-47bf-85e5-79d2a4be9930
Av Belgrano Al 900 Bis - Alquiler Monoambiente En Rosario,240000.0,"AV Belgrano AL 900 BIS, Rosario, Santa Fe",1,1,21.0,https://departamento.mercadolibre.com.ar/MLA-1450428199-av-belgrano-al-900-bis-alquiler-monoambiente-en-rosario-_JM#polycard_client=search-nordic&position=29&search_layout=grid&type=item&tracking_id=4238bdc0-8d9f-47bf-85e5-79d2a4be9930
"Alquiler Granadero Baigorria, Moderno Duplex 3 Dormitorios, Cochera, Patio Y Asador",400000.0,"Av. San Martin Al 1500, Granadero Baigorria, Rosario, Santa Fe",3,1,85.0,https://departamento.mercadolibre.com.ar/MLA-1886817154-alquiler-granadero-baigorria-moderno-duplex-3-dormitorios-cochera-patio-y-asador-_JM#polycard_client=search-nordic&position=30&search_layout=grid&type=item&tracking_id=4238bdc0-8d9f-47bf-85e5-79d2a4be9930
J.m.rosas 811 Impecable,900000.0,"JUAN MANUEL DE ROSAS 811, Rosario, Santa Fe",4,2,75.0,https://departamento.mercadolibre.com.ar/MLA-1909539102-jmrosas-811-impecable-_JM#polycard_client=search-nordic&position=31&search_layout=grid&type=item&tracking_id=4238bdc0-8d9f-47bf-85e5-79d2a4be9930
Departamento - Centro,550000.0,"9 De Julio 1669 - 3 Piso B, Centro, Rosario, Santa Fe",4,2,96.0,https://departamento.mercadolibre.com.ar/MLA-1930406394-departamento-centro-_JM#polycard_client=search-nordic&position=32&search_layout=grid&type=item&tracking_id=4238bdc0-8d9f-47bf-85e5-79d2a4be9930
Departamento Ph - Contrafrente,200000.0,"SAN Lorenzo Al 1000, Centro, Rosario, Santa Fe",2,1,40.0,https://departamento.mercadolibre.com.ar/MLA-1898155074-departamento-ph-contrafrente-_JM#polycard_client=search-nordic&position=34&search_layout=grid&type=item&tracking_id=4238bdc0-8d9f-47bf-85e5-79d2a4be9930
Departamento Monoambiente Alquiler Ayacucho Y Mendoza- Rosario,210000.0,"Ayacucho Al 1200, Rosario, Santa Fe",1,1,27.0,https://departamento.mercadolibre.com.ar/MLA-1940236662-departamento-monoambiente-alquiler-ayacucho-y-mendoza-rosario-_JM#polycard_client=search-nordic&position=35&search_layout=grid&type=item&tracking_id=4238bdc0-8d9f-47bf-85e5-79d2a4be9930
Monoambiente A Estrenar En Alquiler. 1 De Mayo Al 1100. Barrio Martin.,180000.0,"1 De Mayo 1169, Martin, Rosario, Santa Fe",1,1,25.0,https://departamento.mercadolibre.com.ar/MLA-1937017444-monoambiente-a-estrenar-en-alquiler-1-de-mayo-al-1100-barrio-martin-_JM#polycard_client=search-nordic&position=36&search_layout=grid&type=item&tracking_id=4238bdc0-8d9f-47bf-85e5-79d2a4be9930
9 De Julio 700 - Departamento De 2 Dormitorios En Alquiler Rosario - Barrio Martin,450000.0,"9 De Julio Y Laprida, Centro, Rosario, Santa Fe",4,1,60.0,https://departamento.mercadolibre.com.ar/MLA-1924032238-9-de-julio-700-departamento-de-2-dormitorios-en-alquiler-rosario-barrio-martin-_JM#polycard_client=search-nordic&position=37&search_layout=grid&type=item&tracking_id=4238bdc0-8d9f-47bf-85e5-79d2a4be9930
Departamento - Centro,190000.0,"Mitre Al 1800, Centro, Rosario, Santa Fe",2,1,35.0,https://departamento.mercadolibre.com.ar/MLA-1926124932-departamento-centro-_JM#polycard_client=search-nordic&position=38&search_layout=grid&type=item&tracking_id=4238bdc0-8d9f-47bf-85e5-79d2a4be9930
Departamento De 2 Dormitorios En Alquiler - Barrio Palos Verdes Country Club,480000.0,"Palos Verdes - Condo Pilay, Rosario, Santa Fe",3,1,65.0,https://departamento.mercadolibre.com.ar/MLA-1915873652-departamento-de-2-dormitorios-en-alquiler-barrio-palos-verdes-country-club-_JM#polycard_client=search-nordic&position=39&search_layout=grid&type=item&tracking_id=4238bdc0-8d9f-47bf-85e5-79d2a4be9930
Alquiler Departamento Un Dormitorio Rio Luis Agote,170000.0,"Salta 3200, Luis Agote, Rosario, Santa Fe",2,1,23.0,https://departamento.mercadolibre.com.ar/MLA-1918211554-alquiler-departamento-un-dormitorio-rio-luis-agote-_JM#polycard_client=search-nordic&position=40&search_layout=grid&type=item&tracking_id=4238bdc0-8d9f-47bf-85e5-79d2a4be9930
Departamento En Alquiler 2 Dormitorios Abasto Rosario,500000.0,"Cochabamba Al 1400, Rosario, Santa Fe",3,1,70.0,https://departamento.mercadolibre.com.ar/MLA-1451706231-departamento-en-alquiler-2-dormitorios-abasto-rosario-_JM#polycard_client=search-nordic&position=41&search_layout=grid&type=item&tracking_id=4238bdc0-8d9f-47bf-85e5-79d2a4be9930
Rosario. Alquiler. Mono Ambiente. Pueyrredon Y San Juan. Pileta Y Parrilla En Terraza.,220000.0,"Pueyrredón 1044, Rosario, Provincia De Santa Fe, Argentina, Centro, Rosario, Santa Fe",1,1,27.0,https://departamento.mercadolibre.com.ar/MLA-1453591821-rosario-alquiler-mono-ambiente-pueyrredon-y-san-juan-pileta-y-parrilla-en-terraza-_JM#polycard_client=search-nordic&position=42&search_layout=grid&type=item&tracking_id=4238bdc0-8d9f-47bf-85e5-79d2a4be9930
Alquiler 2 Dormitorios Parque España,250000.0,"Av Del Huerto Y Salta, Centro, Rosario, Santa Fe",6,2,74.0,https://departamento.mercadolibre.com.ar/MLA-1443594969-alquiler-2-dormitorios-parque-espana-_JM#polycard_client=search-nordic&position=43&search_layout=grid&type=item&tracking_id=4238bdc0-8d9f-47bf-85e5-79d2a4be9930
Excelente Departamento 2 Ambientes En Pichincha,380000.0,"Güemes Al 2800, Alberto Olmedo, Rosario, Santa Fe",2,1,45.0,https://departamento.mercadolibre.com.ar/MLA-1883836110-excelente-departamento-2-ambientes-en-pichincha-_JM#polycard_client=search-nordic&position=44&search_layout=grid&type=item&tracking_id=4238bdc0-8d9f-47bf-85e5-79d2a4be9930
Ov. Lagos 121 A Estrenar,280000.0,"OV. LAGOS 121, Rosario, Santa Fe",2,1,38.0,https://departamento.mercadolibre.com.ar/MLA-1913467096-ov-lagos-121-a-estrenar-_JM#polycard_client=search-nordic&position=45&search_layout=grid&type=item&tracking_id=4238bdc0-8d9f-47bf-85e5-79d2a4be9930
"Departamento, Dos Dormitorios, Luminoso, Zona Del Río.",260000.0,"Entre Ríos Al 341, Centro, Rosario, Santa Fe",3,1,60.0,https://departamento.mercadolibre.com.ar/MLA-1450710571-departamento-dos-dormitorios-luminoso-zona-del-rio-_JM#polycard_client=search-nordic&position=46&search_layout=grid&type=item&tracking_id=4238bdc0-8d9f-47bf-85e5-79d2a4be9930
Departamento En Rosario,700.0,"Oroño, Rosario, Santa Fe",3,1,70.0,https://departamento.mercadolibre.com.ar/MLA-1443398629-departamento-en-rosario-_JM#polycard_client=search-nordic&position=47&search_layout=grid&type=item&tracking_id=4238bdc0-8d9f-47bf-85e5-79d2a4be9930
Alquiler- Lourdes - 1 Dormitorio- Balcon Terraza,470000.0,"Dorrego 1667, Rosario, Santa Fe",3,1,56.0,https://departamento.mercadolibre.com.ar/MLA-1455875769-alquiler-lourdes-1-dormitorio-balcon-terraza-_JM#polycard_client=search-nordic&position=1&search_layout=grid&type=item&tracking_id=e4688511-f8a8-4a9d-a804-5f693d610e2d
Pje Corvalan 531 - Departamento En Refinerias En Alquiler Rosario,450000.0,"Vélez Sarsfield Y Echeverría, Rosario, Santa Fe",2,1,45.0,https://departamento.mercadolibre.com.ar/MLA-1446828485-pje-corvalan-531-departamento-en-refinerias-en-alquiler-rosario-_JM#polycard_client=search-nordic&position=2&search_layout=grid&type=item&tracking_id=e4688511-f8a8-4a9d-a804-5f693d610e2d
Departamento En Alquiler 1 Dormitorio Centro,280000.0,"Paraguay 1200, Centro, Rosario, Santa Fe",2,1,32.0,https://departamento.mercadolibre.com.ar/MLA-1937830340-departamento-en-alquiler-1-dormitorio-centro-_JM#polycard_client=search-nordic&position=3&search_layout=grid&type=item&tracking_id=e4688511-f8a8-4a9d-a804-5f693d610e2d
Departamento - Macrocentro,300000.0,"Moreno Al 1100, Rosario, Santa Fe",2,1,45.0,https://departamento.mercadolibre.com.ar/MLA-1454079671-departamento-macrocentro-_JM#polycard_client=search-nordic&position=4&search_layout=grid&type=item&tracking_id=e4688511-f8a8-4a9d-a804-5f693d610e2d
Departamento En Dorrego Al 3100,280000.0,"Dorrego Al 3100, Rosario, Santa Fe",4,1,45.0,https://departamento.mercadolibre.com.ar/MLA-1448037985-departamento-en-dorrego-al-3100-_JM#polycard_client=search-nordic&position=5&search_layout=grid&type=item&tracking_id=e4688511-f8a8-4a9d-a804-5f693d610e2d
Riccheri Al 1100 Alquiler Departamento 1 Dormitorio En Rosario,140000.0,"Riccheri AL 1100, Rosario, Santa Fe",2,1,20.0,https://departamento.mercadolibre.com.ar/MLA-1890871444-riccheri-al-1100-alquiler-departamento-1-dormitorio-en-rosario-_JM#polycard_client=search-nordic&position=6&search_layout=grid&type=item&tracking_id=e4688511-f8a8-4a9d-a804-5f693d610e2d
Alquiler Un Dormitorio Abasto Rosario,300000.0,"COCHABAMBA 1333, Abasto, Rosario, Santa Fe",2,1,30.0,https://departamento.mercadolibre.com.ar/MLA-1456316809-alquiler-un-dormitorio-abasto-rosario-_JM#polycard_client=search-nordic&position=7&search_layout=grid&type=item&tracking_id=e4688511-f8a8-4a9d-a804-5f693d610e2d
Loft En Alquiler Temporario En Forum Rosario,900.0,"Carballo Al 200, Puerto Norte, Rosario, Santa Fe",1,1,42.0,https://departamento.mercadolibre.com.ar/MLA-1937369604-loft-en-alquiler-temporario-en-forum-rosario-_JM#polycard_client=search-nordic&position=8&search_layout=grid&type=item&tracking_id=e4688511-f8a8-4a9d-a804-5f693d610e2d
Departamento En Abasto,150000.0,"Paraguay Al 2200, Abasto, Rosario, Santa Fe",1,1,26.0,https://departamento.mercadolibre.com.ar/MLA-1924016156-departamento-en-abasto-_JM#polycard_client=search-nordic&position=9&search_layout=grid&type=item&tracking_id=e4688511-f8a8-4a9d-a804-5f693d610e2d
En Alquiler Departamento De Un Dormitorio Con Balcón Corrido!,310000.0,"Rioja Al 2800, Rosario, Santa Fe",2,1,39.0,https://departamento.mercadolibre.com.ar/MLA-1904730440-en-alquiler-departamento-de-un-dormitorio-con-balcon-corrido-_JM#polycard_client=search-nordic&position=10&search_layout=grid&type=item&tracking_id=e4688511-f8a8-4a9d-a804-5f693d610e2d
Departamento Monoambiente - Iriondo 326 - Echesortu Rosario | Alquiler,180000.0,"Iriondo 326, Rosario, Santa Fe",1,1,27.0,https://departamento.mercadolibre.com.ar/MLA-1452516539-departamento-monoambiente-iriondo-326-echesortu-rosario-alquiler-_JM#polycard_client=search-nordic&position=11&search_layout=grid&type=item&tracking_id=e4688511-f8a8-4a9d-a804-5f693d610e2d
San Juan Al 2800 Alquiler Monoambiente En Rosario,200000.0,"San Juan Al 2800, Rosario, Santa Fe",1,1,33.0,https://departamento.mercadolibre.com.ar/MLA-1925187838-san-juan-al-2800-alquiler-monoambiente-en-rosario-_JM#polycard_client=search-nordic&position=12&search_layout=grid&type=item&tracking_id=e4688511-f8a8-4a9d-a804-5f693d610e2d
Mitre 1153 - Dpto De 3 Dormitorios Externo.,350000.0,"Mitre 1150, Centro, Rosario, Santa Fe",4,1,68.0,https://departamento.mercadolibre.com.ar/MLA-1456191053-mitre-1153-dpto-de-3-dormitorios-externo-_JM#polycard_client=search-nordic&position=13&search_layout=grid&type=item&tracking_id=e4688511-f8a8-4a9d-a804-5f693d610e2d
Colon 1800 2 Dormitorios Escalera,220000.0,"COLON 1879, Rosario, Santa Fe",5,1,55.0,https://departamento.mercadolibre.com.ar/MLA-1931280502-colon-1800-2-dormitorios-escalera-_JM#polycard_client=search-nordic&position=14&search_layout=grid&type=item&tracking_id=e4688511-f8a8-4a9d-a804-5f693d610e2d
Alquiler. Barrio Cerrado. Ocho Sauces. Funes. 2 Dormitorios. Terraza Exclusiva . Cochera. Baulera. Estrenar,500.0,"Almafuerte & Avenida Bernardo Houssay, Funes, Provincia De Santa Fe, Argentina, Funes, Rosario, Santa Fe",7,1,76.0,https://departamento.mercadolibre.com.ar/MLA-1901571960-alquiler-barrio-cerrado-ocho-sauces-funes-2-dormitorios-terraza-exclusiva-cochera-baulera-estrenar-_JM#polycard_client=search-nordic&position=15&search_layout=grid&type=item&tracking_id=e4688511-f8a8-4a9d-a804-5f693d610e2d
Departamento - Centro,330000.0,"Jujuy Y Moreno, Rosario, Santa Fe",2,1,49.0,https://departamento.mercadolibre.com.ar/MLA-1934297800-departamento-centro-_JM#polycard_client=search-nordic&position=16&search_layout=grid&type=item&tracking_id=e4688511-f8a8-4a9d-a804-5f693d610e2d
Departamento Un Dormitorio Centro Zona Del Río Amplio,250000.0,"Salta Al 1371, Centro, Rosario, Santa Fe",2,1,50.0,https://departamento.mercadolibre.com.ar/MLA-1451114247-departamento-un-dormitorio-centro-zona-del-rio-amplio-_JM#polycard_client=search-nordic&position=17&search_layout=grid&type=item&tracking_id=e4688511-f8a8-4a9d-a804-5f693d610e2d
Depaalquiler Departamento De Dos Dormotiorios Barrio Martinrtamento En,250000.0,"Colón 1256 Piso 12, Centro, Rosario, Santa Fe",3,1,45.0,https://departamento.mercadolibre.com.ar/MLA-1453385479-depaalquiler-departamento-de-dos-dormotiorios-barrio-martinrtamento-en-_JM#polycard_client=search-nordic&position=18&search_layout=grid&type=item&tracking_id=e4688511-f8a8-4a9d-a804-5f693d610e2d
"Dos Dorm, Cocina-comedor, Lav. Indep.",290000.0,"Urquiza 2400 - 2700, Centro, Rosario, Santa Fe",4,1,65.0,https://departamento.mercadolibre.com.ar/MLA-1449981205-dos-dorm-cocina-comedor-lav-indep-_JM#polycard_client=search-nordic&position=19&search_layout=grid&type=item&tracking_id=e4688511-f8a8-4a9d-a804-5f693d610e2d
Departamento En Centro,300000.0,"Buenos Aires Y 9 De Julio, Centro, Rosario, Santa Fe",3,1,49.0,https://departamento.mercadolibre.com.ar/MLA-1895905538-departamento-en-centro-_JM#polycard_client=search-nordic&position=20&search_layout=grid&type=item&tracking_id=e4688511-f8a8-4a9d-a804-5f693d610e2d
"Departamento, Un Dormitorio, Patio, Amplio, Lavadero, Centro.",260000.0,"Mitre 976 01, Centro, Rosario, Santa Fe",3,1,80.0,https://departamento.mercadolibre.com.ar/MLA-1445701779-departamento-un-dormitorio-patio-amplio-lavadero-centro-_JM#polycard_client=search-nordic&position=21&search_layout=grid&type=item&tracking_id=e4688511-f8a8-4a9d-a804-5f693d610e2d
Alquiler. Ocho Sauces. 2 Dormitorios. Suite. Terraza. Balcón. 3 Baños. Cochera. Equipado! Recomendamos,575.0,"Almafuerte & Avenida Bernardo Houssay, Funes, Rosario, Santa Fe",6,3,80.0,https://departamento.mercadolibre.com.ar/MLA-1920558038-alquiler-ocho-sauces-2-dormitorios-suite-terraza-balcon-3-banos-cochera-equipado-recomendamos-_JM#polycard_client=search-nordic&position=22&search_layout=grid&type=item&tracking_id=e4688511-f8a8-4a9d-a804-5f693d610e2d
Alquiler | Monoambiente | España 334 09-04,200000.0,"España 334, Centro, Rosario, Santa Fe",1,1,32.0,https://departamento.mercadolibre.com.ar/MLA-1899529764-alquiler-monoambiente-espana-334-09-04-_JM#polycard_client=search-nordic&position=23&search_layout=grid&type=item&tracking_id=e4688511-f8a8-4a9d-a804-5f693d610e2d
"Monoambiente, Moderno, Externo, Centro, Zona Pellegrini, Facultades.",170000.0,"Dorrego Al 1622, Rosario, Santa Fe",1,1,30.0,https://departamento.mercadolibre.com.ar/MLA-1930105042-monoambiente-moderno-externo-centro-zona-pellegrini-facultades-_JM#polycard_client=search-nordic&position=24&search_layout=grid&type=item&tracking_id=e4688511-f8a8-4a9d-a804-5f693d610e2d
Departamento De 1 Dormitorio Super Amplio Y Luminoso!,380000.0,"Av. Francia Al 1300, Rosario, Santa Fe",2,1,49.0,https://departamento.mercadolibre.com.ar/MLA-1904660924-departamento-de-1-dormitorio-super-amplio-y-luminoso-_JM#polycard_client=search-nordic&position=25&search_layout=grid&type=item&tracking_id=e4688511-f8a8-4a9d-a804-5f693d610e2d
Departamento En Alquiler,250000.0,"San Juan 3092 - 8 Piso 07, Rosario, Santa Fe",1,1,45.0,https://departamento.mercadolibre.com.ar/MLA-1455496457-departamento-en-alquiler-_JM#polycard_client=search-nordic&position=26&search_layout=grid&type=item&tracking_id=e4688511-f8a8-4a9d-a804-5f693d610e2d
Alquiler. Rosario. Centro/lourdes. Rodriguez Y 3 De Febrero.,300000.0,"Martín Rodríguez 1287, Centro, Rosario, Santa Fe",2,1,35.0,https://departamento.mercadolibre.com.ar/MLA-1456282511-alquiler-rosario-centrolourdes-rodriguez-y-3-de-febrero-_JM#polycard_client=search-nordic&position=27&search_layout=grid&type=item&tracking_id=e4688511-f8a8-4a9d-a804-5f693d610e2d
Departamento - Pichincha,240000.0,"Guemes 2147, Alberto Olmedo, Rosario, Santa Fe",1,1,38.0,https://departamento.mercadolibre.com.ar/MLA-1926060618-departamento-pichincha-_JM#polycard_client=search-nordic&position=28&search_layout=grid&type=item&tracking_id=e4688511-f8a8-4a9d-a804-5f693d610e2d
Departamento Dos Dormitorios En Venta Rosario,260000.0,"San Martín Y Pasco Piso 6 Unidad C, Rosario, Santa Fe",5,1,59.0,https://departamento.mercadolibre.com.ar/MLA-1455282597-departamento-dos-dormitorios-en-venta-rosario-_JM#polycard_client=search-nordic&position=29&search_layout=grid&type=item&tracking_id=e4688511-f8a8-4a9d-a804-5f693d610e2d
Pje Boero Al 3200 Alquiler Departamento 1 Dormitorio En Rosario,160000.0,"PJE Boero AL 3200, Rosario, Santa Fe",2,1,32.0,https://departamento.mercadolibre.com.ar/MLA-1453202205-pje-boero-al-3200-alquiler-departamento-1-dormitorio-en-rosario-_JM#polycard_client=search-nordic&position=30&search_layout=grid&type=item&tracking_id=e4688511-f8a8-4a9d-a804-5f693d610e2d
Departamento En Alquiler Monoambiente Con Balcon Al Frente,173400.0,"Suipacha Al 700, Alberto Olmedo, Rosario, Santa Fe",1,1,24.0,https://departamento.mercadolibre.com.ar/MLA-1934607934-departamento-en-alquiler-monoambiente-con-balcon-al-frente-_JM#polycard_client=search-nordic&position=31&search_layout=grid&type=item&tracking_id=e4688511-f8a8-4a9d-a804-5f693d610e2d
Alquiler Departamento 2 Dormitorios Barrio Martin Rosario,590000.0,"Pje. Santa Cruz Al 300, Martin, Rosario, Santa Fe",4,2,88.0,https://departamento.mercadolibre.com.ar/MLA-1925206048-alquiler-departamento-2-dormitorios-barrio-martin-rosario-_JM#polycard_client=search-nordic&position=32&search_layout=grid&type=item&tracking_id=e4688511-f8a8-4a9d-a804-5f693d610e2d
Alquiler. Barrio Cerrado. Ocho Sauces. Funes. Estrenar. 1 Dormitorio. Patio. Cochera . Planta Baja,320.0,"Almafuerte & Avenida Bernardo Houssay, Funes, Provincia De Santa Fe, Argentina, Funes, Rosario, Santa Fe",4,1,55.0,https://departamento.mercadolibre.com.ar/MLA-1882791462-alquiler-barrio-cerrado-ocho-sauces-funes-estrenar-1-dormitorio-patio-cochera-planta-baja-_JM#polycard_client=search-nordic&position=33&search_layout=grid&type=item&tracking_id=e4688511-f8a8-4a9d-a804-5f693d610e2d
"Departamento Sobre Calle Córdoba, Paseo Del Siglo.",420000.0,"Cordoba Al 1600, Centro, Rosario, Santa Fe",5,3,100.0,https://departamento.mercadolibre.com.ar/MLA-1871080262-departamento-sobre-calle-cordoba-paseo-del-siglo-_JM#polycard_client=search-nordic&position=34&search_layout=grid&type=item&tracking_id=e4688511-f8a8-4a9d-a804-5f693d610e2d
Monoambiente Con Amenities - Av. Pellegrini 300 - Centro Rosario | Alquiler,170000.0,"Pellegrini 325, Centro, Rosario, Santa Fe",1,1,23.0,https://departamento.mercadolibre.com.ar/MLA-1901952140-monoambiente-con-amenities-av-pellegrini-300-centro-rosario-alquiler-_JM#polycard_client=search-nordic&position=35&search_layout=grid&type=item&tracking_id=e4688511-f8a8-4a9d-a804-5f693d610e2d
Alquiler. Barrio Cerrado Ocho Sauces. Planta Baja. 2 Dormitorios. Baño. Cochera,500.0,"Almafuerte & Avenida Bernardo Houssay, Funes, Provincia De Santa Fe, Argentina, Funes, Rosario, Santa Fe",8,1,65.0,https://departamento.mercadolibre.com.ar/MLA-1445232231-alquiler-barrio-cerrado-ocho-sauces-planta-baja-2-dormitorios-bano-cochera-_JM#polycard_client=search-nordic&position=36&search_layout=grid&type=item&tracking_id=e4688511-f8a8-4a9d-a804-5f693d610e2d
Departamento 3 Dormitorios En Barrio Martin,370000.0,"Ayacucho 1391 1° 1, Martin, Rosario, Santa Fe",4,1,60.0,https://departamento.mercadolibre.com.ar/MLA-1451311083-departamento-3-dormitorios-en-barrio-martin-_JM#polycard_client=search-nordic&position=38&search_layout=grid&type=item&tracking_id=e4688511-f8a8-4a9d-a804-5f693d610e2d
Departamento En Centro,270000.0,"3 De Febrero 2445 03, Centro, Rosario, Santa Fe",2,1,46.0,https://departamento.mercadolibre.com.ar/MLA-1918284312-departamento-en-centro-_JM#polycard_client=search-nordic&position=39&search_layout=grid&type=item&tracking_id=e4688511-f8a8-4a9d-a804-5f693d610e2d
Departamento En Centro,230000.0,"Maipu Al 1600, Centro, Rosario, Santa Fe",3,1,39.0,https://departamento.mercadolibre.com.ar/MLA-1900074978-departamento-en-centro-_JM#polycard_client=search-nordic&position=41&search_layout=grid&type=item&tracking_id=e4688511-f8a8-4a9d-a804-5f693d610e2d
Depto. Amoblado De Dos Dormitorios Y Amenities En Zona Centro,430000.0,"Moreno 1250, Rosario, Rosario, Santa Fe",3,1,57.0,https://departamento.mercadolibre.com.ar/MLA-1898470406-depto-amoblado-de-dos-dormitorios-y-amenities-en-zona-centro-_JM#polycard_client=search-nordic&position=42&search_layout=grid&type=item&tracking_id=e4688511-f8a8-4a9d-a804-5f693d610e2d
Departamento En Alquiler,290000.0,"Montevideo Al 900, Centro, Rosario, Santa Fe",3,1,48.0,https://departamento.mercadolibre.com.ar/MLA-1453526069-departamento-en-alquiler-_JM#polycard_client=search-nordic&position=43&search_layout=grid&type=item&tracking_id=e4688511-f8a8-4a9d-a804-5f693d610e2d
Alquiler Departamento De 2 Dormitoios Con 2 Baños Barrio Abasto Rosario,320000.0,"Pasco 1585 03-02 Rosario, Abasto, Rosario, Santa Fe",3,2,66.0,https://departamento.mercadolibre.com.ar/MLA-1453718615-alquiler-departamento-de-2-dormitoios-con-2-banos-barrio-abasto-rosario-_JM#polycard_client=search-nordic&position=44&search_layout=grid&type=item&tracking_id=e4688511-f8a8-4a9d-a804-5f693d610e2d
Alquiler 1 Dormitorio Y Cochera Impecable Laprida 2000,290000.0,"Laprida 2098, P. 3 Dto. 2, Abasto, Rosario, Santa Fe",2,1,44.0,https://departamento.mercadolibre.com.ar/MLA-1452834399-alquiler-1-dormitorio-y-cochera-impecable-laprida-2000-_JM#polycard_client=search-nordic&position=45&search_layout=grid&type=item&tracking_id=e4688511-f8a8-4a9d-a804-5f693d610e2d
Departamento 1 Dormitorio Premium - Bv. Avellaneda 1000 Bis - Arroyito | Alquiler,900.0,"Avellaneda 1080 Bis, Arroyito, Rosario, Santa Fe",3,2,66.0,https://departamento.mercadolibre.com.ar/MLA-1905679802-departamento-1-dormitorio-premium-bv-avellaneda-1000-bis-arroyito-alquiler-_JM#polycard_client=search-nordic&position=46&search_layout=grid&type=item&tracking_id=e4688511-f8a8-4a9d-a804-5f693d610e2d
3 Dormitorios Con Cochera,530000.0,"Italia 945 - 6 Piso A, Centro, Rosario, Santa Fe",4,3,100.0,https://departamento.mercadolibre.com.ar/MLA-1456234379-3-dormitorios-con-cochera-_JM#polycard_client=search-nordic&position=47&search_layout=grid&type=item&tracking_id=e4688511-f8a8-4a9d-a804-5f693d610e2d
Departamento En Martin - Alquiler,240000.0,"Pje. Santa Cruz Al 300, Martin, Rosario, Santa Fe",2,1,42.0,https://departamento.mercadolibre.com.ar/MLA-1447987131-departamento-en-martin-alquiler-_JM#polycard_client=search-nordic&position=48&search_layout=grid&type=item&tracking_id=e4688511-f8a8-4a9d-a804-5f693d610e2d
Amplio Monoambiente Con Balcón Al Frente Y Con Patio Al Contra-frente En La Mejor Zona De Rosario,210000.0,"Jujuy Al 2100, Alberto Olmedo, Rosario, Santa Fe",1,1,35.0,https://departamento.mercadolibre.com.ar/MLA-1454052115-amplio-monoambiente-con-balcon-al-frente-y-con-patio-al-contra-frente-en-la-mejor-zona-de-rosario-_JM#polycard_client=search-nordic&position=1&search_layout=grid&type=item&tracking_id=79f18943-e0fb-4487-bf7c-1b7ecccef757
Monoambiente Con Piscina Y Quincho,200000.0,"Paraguay 2324 - 1 Piso A, Centro, Rosario, Santa Fe",1,1,31.0,https://departamento.mercadolibre.com.ar/MLA-1939176948-monoambiente-con-piscina-y-quincho-_JM#polycard_client=search-nordic&position=2&search_layout=grid&type=item&tracking_id=79f18943-e0fb-4487-bf7c-1b7ecccef757
Alquiler. Departamento 1 Dormitorio. Piso Exclusivo. Pileta. Balcón Al Norte. Catamarca Y Mitre,370000.0,"AJC, Centro, Rosario, Santa Fe",4,1,43.0,https://departamento.mercadolibre.com.ar/MLA-1456234215-alquiler-departamento-1-dormitorio-piso-exclusivo-pileta-balcon-al-norte-catamarca-y-mitre-_JM#polycard_client=search-nordic&position=3&search_layout=grid&type=item&tracking_id=79f18943-e0fb-4487-bf7c-1b7ecccef757
Alquiler Monoambiente Con Amenities A Estrenar,200000.0,"Santa Fe 3200, Echesortu, Rosario, Santa Fe",1,1,30.0,https://departamento.mercadolibre.com.ar/MLA-1900716058-alquiler-monoambiente-con-amenities-a-estrenar-_JM#polycard_client=search-nordic&position=4&search_layout=grid&type=item&tracking_id=79f18943-e0fb-4487-bf7c-1b7ecccef757
San Lorenzo 1744 - Dpto De 1 Dormitorio.,300000.0,"San Lorenzo 1750, Centro, Rosario, Santa Fe",2,1,41.0,https://departamento.mercadolibre.com.ar/MLA-1456257409-san-lorenzo-1744-dpto-de-1-dormitorio-_JM#polycard_client=search-nordic&position=5&search_layout=grid&type=item&tracking_id=79f18943-e0fb-4487-bf7c-1b7ecccef757
Mendoza Al 2900 Alquiler Departamento 1 Dormitorio En Rosario,140000.0,"Mendoza Al 2900, Rosario, Santa Fe",2,1,24.0,https://departamento.mercadolibre.com.ar/MLA-1452963985-mendoza-al-2900-alquiler-departamento-1-dormitorio-en-rosario-_JM#polycard_client=search-nordic&position=6&search_layout=grid&type=item&tracking_id=79f18943-e0fb-4487-bf7c-1b7ecccef757
Monoambiente En Pichincha Con Amenities - Thedy 100 - Rosario | Alquiler,500.0,"Thedy 158, Alberto Olmedo, Rosario, Santa Fe",1,1,35.0,https://departamento.mercadolibre.com.ar/MLA-1901977550-monoambiente-en-pichincha-con-amenities-thedy-100-rosario-alquiler-_JM#polycard_client=search-nordic&position=7&search_layout=grid&type=item&tracking_id=79f18943-e0fb-4487-bf7c-1b7ecccef757
Mendoza Al 2900 Alquiler Departamento 1 Dormitorio En Rosario,140000.0,"Mendoza Al 2900, Rosario, Santa Fe",2,1,24.0,https://departamento.mercadolibre.com.ar/MLA-1453040957-mendoza-al-2900-alquiler-departamento-1-dormitorio-en-rosario-_JM#polycard_client=search-nordic&position=8&search_layout=grid&type=item&tracking_id=79f18943-e0fb-4487-bf7c-1b7ecccef757
Departamento Totalmente Amoblado Temporario En Lourdes,600.0,"Callao Al 1000, Rosario, Santa Fe",2,1,41.0,https://departamento.mercadolibre.com.ar/MLA-1882764920-departamento-totalmente-amoblado-temporario-en-lourdes-_JM#polycard_client=search-nordic&position=9&search_layout=grid&type=item&tracking_id=79f18943-e0fb-4487-bf7c-1b7ecccef757
Monoambiente En Alquiler Con Balcón Barrio Centro,180000.0,"San Luis 2000, Centro, Rosario, Santa Fe",1,1,31.0,https://departamento.mercadolibre.com.ar/MLA-1938560840-monoambiente-en-alquiler-con-balcon-barrio-centro-_JM#polycard_client=search-nordic&position=10&search_layout=grid&type=item&tracking_id=79f18943-e0fb-4487-bf7c-1b7ecccef757
Departamento En Alquiler 1 Dormitorio Abasto Rosario,200000.0,"Maipú Al 2000, Abasto, Rosario, Santa Fe",2,1,37.0,https://departamento.mercadolibre.com.ar/MLA-1452840427-departamento-en-alquiler-1-dormitorio-abasto-rosario-_JM#polycard_client=search-nordic&position=11&search_layout=grid&type=item&tracking_id=79f18943-e0fb-4487-bf7c-1b7ecccef757
Alquiler | Monoambiente A Estrenar Con Parrillero | Pichincha Bis 86,220000.0,"Pichincha Bis 86, Alberto Olmedo, Rosario, Santa Fe",1,1,33.0,https://departamento.mercadolibre.com.ar/MLA-1446807001-alquiler-monoambiente-a-estrenar-con-parrillero-pichincha-bis-86-_JM#polycard_client=search-nordic&position=13&search_layout=grid&type=item&tracking_id=79f18943-e0fb-4487-bf7c-1b7ecccef757
Departamento - Centro,125000.0,"Pje Marchena (entre San Lorenzo Y Urquiza), Centro, Rosario, Santa Fe",1,1,30.0,https://departamento.mercadolibre.com.ar/MLA-1898468480-departamento-centro-_JM#polycard_client=search-nordic&position=14&search_layout=grid&type=item&tracking_id=79f18943-e0fb-4487-bf7c-1b7ecccef757
"Monoambiente En Alquiler, Balcón Al Frente, A 1 Cuadra De Bvd Oroño",190000.0,"Jujuy Al 2000, Centro, Rosario, Santa Fe",1,1,31.0,https://departamento.mercadolibre.com.ar/MLA-1454051779-monoambiente-en-alquiler-balcon-al-frente-a-1-cuadra-de-bvd-orono-_JM#polycard_client=search-nordic&position=15&search_layout=grid&type=item&tracking_id=79f18943-e0fb-4487-bf7c-1b7ecccef757
Alquiler Amplio Departamento Dos Dormitorios.,300000.0,"Buenos Aires 2000, Centro, Rosario, Santa Fe",3,1,53.0,https://departamento.mercadolibre.com.ar/MLA-1453387637-alquiler-amplio-departamento-dos-dormitorios-_JM#polycard_client=search-nordic&position=18&search_layout=grid&type=item&tracking_id=79f18943-e0fb-4487-bf7c-1b7ecccef757
Alquiler Un Dormitorio Cochera Echesortu Rosario,350000.0,"FRANCIA 1386 7 B, Echesortu, Rosario, Santa Fe",2,1,40.0,https://departamento.mercadolibre.com.ar/MLA-1939954458-alquiler-un-dormitorio-cochera-echesortu-rosario-_JM#polycard_client=search-nordic&position=19&search_layout=grid&type=item&tracking_id=79f18943-e0fb-4487-bf7c-1b7ecccef757
Departamento En Alquiler 3 Dormitorios Condo 10 Tierra Nueva Fisherton,800000.0,"Parravicini Al 9100, Fisherton, Rosario, Santa Fe",4,3,121.0,https://departamento.mercadolibre.com.ar/MLA-1916550652-departamento-en-alquiler-3-dormitorios-condo-10-tierra-nueva-fisherton-_JM#polycard_client=search-nordic&position=20&search_layout=grid&type=item&tracking_id=79f18943-e0fb-4487-bf7c-1b7ecccef757
Departamento En Pichincha,180000.0,"Ovidio Lagos Al 400, Alberto Olmedo, Rosario, Santa Fe",1,1,32.0,https://departamento.mercadolibre.com.ar/MLA-1920573866-departamento-en-pichincha-_JM#polycard_client=search-nordic&position=21&search_layout=grid&type=item&tracking_id=79f18943-e0fb-4487-bf7c-1b7ecccef757
Rosario. Alquiler. Centro. Dorrego Y Jujuy. 2 Dormitorios. Cocina Separada. Lavadero. Balcón. Silencioso,385000.0,"Dorrego 180, Centro, Rosario, Santa Fe",4,1,58.0,https://departamento.mercadolibre.com.ar/MLA-1456296943-rosario-alquiler-centro-dorrego-y-jujuy-2-dormitorios-cocina-separada-lavadero-balcon-silencioso-_JM#polycard_client=search-nordic&position=22&search_layout=grid&type=item&tracking_id=79f18943-e0fb-4487-bf7c-1b7ecccef757
Excelente Monoambiente Alquiler Temporario Puerto Norte Rosario,180000.0,"Bv. Avellaneda Al 500, Puerto Norte, Rosario, Santa Fe",1,1,26.0,https://departamento.mercadolibre.com.ar/MLA-1878509890-excelente-monoambiente-alquiler-temporario-puerto-norte-rosario-_JM#polycard_client=search-nordic&position=23&search_layout=grid&type=item&tracking_id=79f18943-e0fb-4487-bf7c-1b7ecccef757
Departamento Alquiler Amoblado Rosario,500000.0,"3 De Febrero 900, Centro, Rosario, Santa Fe",3,2,75.0,https://departamento.mercadolibre.com.ar/MLA-1921429226-departamento-alquiler-amoblado-rosario-_JM#polycard_client=search-nordic&position=24&search_layout=grid&type=item&tracking_id=79f18943-e0fb-4487-bf7c-1b7ecccef757
Riccheri 962 - 2 Dorm.,430000.0,"Riccheri 962, Centro, Rosario, Santa Fe",3,1,55.0,https://departamento.mercadolibre.com.ar/MLA-1937824148-riccheri-962-2-dorm-_JM#polycard_client=search-nordic&position=25&search_layout=grid&type=item&tracking_id=79f18943-e0fb-4487-bf7c-1b7ecccef757
Alquiler Departamento De 1 Dormitorio En Zona Centro,190000.0,"Rioja Al 1200 - 2° Piso, Centro, Rosario, Santa Fe",2,1,32.0,https://departamento.mercadolibre.com.ar/MLA-1924018160-alquiler-departamento-de-1-dormitorio-en-zona-centro-_JM#polycard_client=search-nordic&position=26&search_layout=grid&type=item&tracking_id=79f18943-e0fb-4487-bf7c-1b7ecccef757
Departamento En Alquiler Richieri 1300,130000.0,"Richieri Al 1300, Rosario, Santa Fe",1,1,21.0,https://departamento.mercadolibre.com.ar/MLA-1908348704-departamento-en-alquiler-richieri-1300-_JM#polycard_client=search-nordic&position=27&search_layout=grid&type=item&tracking_id=79f18943-e0fb-4487-bf7c-1b7ecccef757
Departamento En Alquiler,210000.0,"3 De Febrero 3098 - 3 Piso 04, Rosario, Santa Fe",1,1,30.0,https://departamento.mercadolibre.com.ar/MLA-1455535497-departamento-en-alquiler-_JM#polycard_client=search-nordic&position=28&search_layout=grid&type=item&tracking_id=79f18943-e0fb-4487-bf7c-1b7ecccef757
Departamento En Macrocentro,250000.0,"SAN Lorenzo AL 2500, Rosario, Santa Fe",2,1,37.0,https://departamento.mercadolibre.com.ar/MLA-1452484511-departamento-en-macrocentro-_JM#polycard_client=search-nordic&position=29&search_layout=grid&type=item&tracking_id=79f18943-e0fb-4487-bf7c-1b7ecccef757
Venta Departamento Con Balcón Al Frente - Nuestra Señora De Lourdes,240000.0,"San Juan Al 2500, Rosario, Santa Fe",1,1,37.0,https://departamento.mercadolibre.com.ar/MLA-1455834559-venta-departamento-con-balcon-al-frente-nuestra-senora-de-lourdes-_JM#polycard_client=search-nordic&position=30&search_layout=grid&type=item&tracking_id=79f18943-e0fb-4487-bf7c-1b7ecccef757
Monoambiente En Alquiler Con Terraza Exclusiva,210000.0,"Urquiza 2800, Centro, Rosario, Santa Fe",1,1,28.0,https://departamento.mercadolibre.com.ar/MLA-1928761144-monoambiente-en-alquiler-con-terraza-exclusiva-_JM#polycard_client=search-nordic&position=31&search_layout=grid&type=item&tracking_id=79f18943-e0fb-4487-bf7c-1b7ecccef757
Rosario. Alquiler. Centro/parque España. Departamento 1 Dormitorio.,365000.0,"Brown 1779, Centro, Rosario, Santa Fe",2,1,38.0,https://departamento.mercadolibre.com.ar/MLA-1456221661-rosario-alquiler-centroparque-espana-departamento-1-dormitorio-_JM#polycard_client=search-nordic&position=32&search_layout=grid&type=item&tracking_id=79f18943-e0fb-4487-bf7c-1b7ecccef757
Alquiler Dpto 1 Dormitorio - Zona Parque España - Brown 1800 Rosario,300000.0,"Brown 1876, Rosario, Santa Fe",2,1,45.0,https://departamento.mercadolibre.com.ar/MLA-1936303322-alquiler-dpto-1-dormitorio-zona-parque-espana-brown-1800-rosario-_JM#polycard_client=search-nordic&position=33&search_layout=grid&type=item&tracking_id=79f18943-e0fb-4487-bf7c-1b7ecccef757
Departamento 1 Dormitorio - 3 De Febrero 1400 - Centro Rosario | Venta,230000.0,"3 De Febrero 1441, Centro, Rosario, Santa Fe",2,1,53.0,https://departamento.mercadolibre.com.ar/MLA-1902016342-departamento-1-dormitorio-3-de-febrero-1400-centro-rosario-venta-_JM#polycard_client=search-nordic&position=34&search_layout=grid&type=item&tracking_id=79f18943-e0fb-4487-bf7c-1b7ecccef757
Departamento Monoambiente - Abasto,120000.0,"Mitre Al 2400, Abasto, Rosario, Santa Fe",1,1,22.0,https://departamento.mercadolibre.com.ar/MLA-1445857517-departamento-monoambiente-abasto-_JM#polycard_client=search-nordic&position=35&search_layout=grid&type=item&tracking_id=79f18943-e0fb-4487-bf7c-1b7ecccef757
San Luis 669 Centrico Amplio,250000.0,"SAN LUIS 669, Rosario, Santa Fe",4,1,60.0,https://departamento.mercadolibre.com.ar/MLA-1442144083-san-luis-669-centrico-amplio-_JM#polycard_client=search-nordic&position=36&search_layout=grid&type=item&tracking_id=79f18943-e0fb-4487-bf7c-1b7ecccef757
2 Dormitorios En Alquiler - Centro,300000.0,"Sarmiento 1292 - 9 Piso B, Centro, Rosario, Santa Fe",3,1,65.0,https://departamento.mercadolibre.com.ar/MLA-1911654494-2-dormitorios-en-alquiler-centro-_JM#polycard_client=search-nordic&position=37&search_layout=grid&type=item&tracking_id=79f18943-e0fb-4487-bf7c-1b7ecccef757
Italia 369 Escalera,250000.0,"ITALIA 369, Rosario, Santa Fe",3,1,55.0,https://departamento.mercadolibre.com.ar/MLA-1866724126-italia-369-escalera-_JM#polycard_client=search-nordic&position=38&search_layout=grid&type=item&tracking_id=79f18943-e0fb-4487-bf7c-1b7ecccef757
Montevideo 1523,150000.0,"MONTEVIDEO 1523, Rosario, Santa Fe",2,1,26.0,https://departamento.mercadolibre.com.ar/MLA-1894737612-montevideo-1523-_JM#polycard_client=search-nordic&position=39&search_layout=grid&type=item&tracking_id=79f18943-e0fb-4487-bf7c-1b7ecccef757
Departamento 2 Dormitorios - Sarmiento 1200 - Centro Rosario | Alquiler,420000.0,"Sarmiento 1271, Centro, Rosario, Santa Fe",3,1,66.0,https://departamento.mercadolibre.com.ar/MLA-1915640734-departamento-2-dormitorios-sarmiento-1200-centro-rosario-alquiler-_JM#polycard_client=search-nordic&position=40&search_layout=grid&type=item&tracking_id=79f18943-e0fb-4487-bf7c-1b7ecccef757
Alquiler Departamento 1 Dormitorio Dos Balcones,300000.0,"Rioja 3200, Echesortu, Rosario, Santa Fe",2,1,54.0,https://departamento.mercadolibre.com.ar/MLA-1900045246-alquiler-departamento-1-dormitorio-dos-balcones-_JM#polycard_client=search-nordic&position=42&search_layout=grid&type=item&tracking_id=79f18943-e0fb-4487-bf7c-1b7ecccef757
San Luis 669 Centrico Amplio,250000.0,"SAN LUIS 669, Rosario, Santa Fe",4,1,60.0,https://departamento.mercadolibre.com.ar/MLA-1442185301-san-luis-669-centrico-amplio-_JM#polycard_client=search-nordic&position=43&search_layout=grid&type=item&tracking_id=79f18943-e0fb-4487-bf7c-1b7ecccef757
Departamento En Alquiler 2 Dormitorios Zona Colegio Ingles,300000.0,"Mitre Al 400, Centro, Rosario, Santa Fe",3,1,55.0,https://departamento.mercadolibre.com.ar/MLA-1455724367-departamento-en-alquiler-2-dormitorios-zona-colegio-ingles-_JM#polycard_client=search-nordic&position=44&search_layout=grid&type=item&tracking_id=79f18943-e0fb-4487-bf7c-1b7ecccef757
Departamento - Centro,420000.0,"Dorrego 946 - 5 Piso A, Centro, Rosario, Santa Fe",3,1,70.0,https://departamento.mercadolibre.com.ar/MLA-1454048875-departamento-centro-_JM#polycard_client=search-nordic&position=45&search_layout=grid&type=item&tracking_id=79f18943-e0fb-4487-bf7c-1b7ecccef757
Departamento En Alquiler Un Ambiente Martin Rosario,195000.0,"Buenos Aires Al 900, Martin, Rosario, Santa Fe",1,1,25.0,https://departamento.mercadolibre.com.ar/MLA-1881185220-departamento-en-alquiler-un-ambiente-martin-rosario-_JM#polycard_client=search-nordic&position=46&search_layout=grid&type=item&tracking_id=79f18943-e0fb-4487-bf7c-1b7ecccef757
Dos Dormitorios. Zona Centro. Muy Amplio.,300000.0,"Ricardone 1249, Centro, Rosario, Santa Fe",3,1,65.0,https://departamento.mercadolibre.com.ar/MLA-1918995824-dos-dormitorios-zona-centro-muy-amplio-_JM#polycard_client=search-nordic&position=47&search_layout=grid&type=item&tracking_id=79f18943-e0fb-4487-bf7c-1b7ecccef757
Alquiler Totalmente Amoblado Un Dormitorio Zona Centro Rosario,450000.0,"Urquiza Al 1900, Rosario, Santa Fe",2,1,40.0,https://departamento.mercadolibre.com.ar/MLA-1448341339-alquiler-totalmente-amoblado-un-dormitorio-zona-centro-rosario-_JM#polycard_client=search-nordic&position=48&search_layout=grid&type=item&tracking_id=79f18943-e0fb-4487-bf7c-1b7ecccef757
Alquiler Departamento Monoambiente Rosario Centro,230000.0,"Paraguay Al 300, Centro, Rosario, Santa Fe",1,1,30.0,https://departamento.mercadolibre.com.ar/MLA-1881811526-alquiler-departamento-monoambiente-rosario-centro-_JM#polycard_client=search-nordic&position=1&search_layout=grid&type=item&tracking_id=9adfb013-a8fd-43f0-bf73-42fd48b349bf
Alquiler Departamento Monoambiente Con Amenitis,250000.0,"9 De Julio 1900, Centro, Rosario, Santa Fe",1,1,30.0,https://departamento.mercadolibre.com.ar/MLA-1452406181-alquiler-departamento-monoambiente-con-amenitis-_JM#polycard_client=search-nordic&position=2&search_layout=grid&type=item&tracking_id=9adfb013-a8fd-43f0-bf73-42fd48b349bf
Alquiler Departamento 1 Dormitorio,150000.0,"La Paz Al 1500, Abasto, Rosario, Santa Fe",2,1,35.0,https://departamento.mercadolibre.com.ar/MLA-1937359376-alquiler-departamento-1-dormitorio-_JM#polycard_client=search-nordic&position=4&search_layout=grid&type=item&tracking_id=9adfb013-a8fd-43f0-bf73-42fd48b349bf
Departamento De 2 Dormitorios - Amoblado,499500.0,"Zeballos 835, Centro, Rosario, Santa Fe",3,1,61.0,https://departamento.mercadolibre.com.ar/MLA-1932695720-departamento-de-2-dormitorios-amoblado-_JM#polycard_client=search-nordic&position=5&search_layout=grid&type=item&tracking_id=9adfb013-a8fd-43f0-bf73-42fd48b349bf
Ov. Lagos Y Salta - 2 Dorm.,300000.0,"Ovidio Lagos 187, Alberto Olmedo, Rosario, Santa Fe",4,1,70.0,https://departamento.mercadolibre.com.ar/MLA-1937948786-ov-lagos-y-salta-2-dorm-_JM#polycard_client=search-nordic&position=6&search_layout=grid&type=item&tracking_id=9adfb013-a8fd-43f0-bf73-42fd48b349bf
Departamento De 2 Dormitorios - Amoblado,499500.0,"Zeballos 835, Centro, Rosario, Santa Fe",3,1,61.0,https://departamento.mercadolibre.com.ar/MLA-1937812134-departamento-de-2-dormitorios-amoblado-_JM#polycard_client=search-nordic&position=7&search_layout=grid&type=item&tracking_id=9adfb013-a8fd-43f0-bf73-42fd48b349bf
Departamento De 1 Dormitorio Con Balcón Corrido Al Frente,350000.0,"Mendoza Y Crespo, Luis Agote, Rosario, Santa Fe",2,1,35.0,https://departamento.mercadolibre.com.ar/MLA-1904622410-departamento-de-1-dormitorio-con-balcon-corrido-al-frente-_JM#polycard_client=search-nordic&position=8&search_layout=grid&type=item&tracking_id=9adfb013-a8fd-43f0-bf73-42fd48b349bf
Departamento En Alquiler,230000.0,"1 De Mayo Al 3500, Rosario, Santa Fe",2,1,42.0,https://departamento.mercadolibre.com.ar/MLA-1937386614-departamento-en-alquiler-_JM#polycard_client=search-nordic&position=9&search_layout=grid&type=item&tracking_id=9adfb013-a8fd-43f0-bf73-42fd48b349bf
Balcarce 137 Bis A Pasos Del Río,240000.0,"BALCARCE 137 BIS, Rosario, Santa Fe",3,1,36.0,https://departamento.mercadolibre.com.ar/MLA-1448202887-balcarce-137-bis-a-pasos-del-rio-_JM#polycard_client=search-nordic&position=10&search_layout=grid&type=item&tracking_id=9adfb013-a8fd-43f0-bf73-42fd48b349bf
1 Dormitorio Nuevo Balcarce - Mendoza,210000.0,"Balcarce 1158 - 1º Piso 02, Centro, Rosario, Santa Fe",2,1,35.0,https://departamento.mercadolibre.com.ar/MLA-1447656567-1-dormitorio-nuevo-balcarce-mendoza-_JM#polycard_client=search-nordic&position=11&search_layout=grid&type=item&tracking_id=9adfb013-a8fd-43f0-bf73-42fd48b349bf
"Monoambiente, Luminoso Al Frente, San Lorenzo 2733 7º 2º",170000.0,"San Lorenzo 2733 7º 2º, Rosario, Santa Fe",1,1,30.0,https://departamento.mercadolibre.com.ar/MLA-1441940481-monoambiente-luminoso-al-frente-san-lorenzo-2733-7-2-_JM#polycard_client=search-nordic&position=12&search_layout=grid&type=item&tracking_id=9adfb013-a8fd-43f0-bf73-42fd48b349bf
Departamento - Centro,280000.0,"Corrientes 1298 - 2 Piso B, Centro, Rosario, Santa Fe",2,1,50.0,https://departamento.mercadolibre.com.ar/MLA-1889939568-departamento-centro-_JM#polycard_client=search-nordic&position=13&search_layout=grid&type=item&tracking_id=9adfb013-a8fd-43f0-bf73-42fd48b349bf
Alquiler - Monoambiente- Av. Francia Al 900- Zona Medicina- Bajos Gastos,125000.0,"Francia 900, Centro, Rosario, Santa Fe",1,1,30.0,https://departamento.mercadolibre.com.ar/MLA-1932099678-alquiler-monoambiente-av-francia-al-900-zona-medicina-bajos-gastos-_JM#polycard_client=search-nordic&position=14&search_layout=grid&type=item&tracking_id=9adfb013-a8fd-43f0-bf73-42fd48b349bf
Departamento - Echesortu,220000.0,"Crespo Al 1100, Rosario, Santa Fe",2,1,35.0,https://departamento.mercadolibre.com.ar/MLA-1438305665-departamento-echesortu-_JM#polycard_client=search-nordic&position=15&search_layout=grid&type=item&tracking_id=9adfb013-a8fd-43f0-bf73-42fd48b349bf
Alquiler Departamento Dos Dormitorios Amueblado Y Equipado Con Cochera (opcional) Rosario,450000.0,"Entre Rios 1137 04-07, Centro, Rosario, Santa Fe",3,1,57.0,https://departamento.mercadolibre.com.ar/MLA-1920578986-alquiler-departamento-dos-dormitorios-amueblado-y-equipado-con-cochera-opcional-rosario-_JM#polycard_client=search-nordic&position=16&search_layout=grid&type=item&tracking_id=9adfb013-a8fd-43f0-bf73-42fd48b349bf
"Monoambiente En Alquiler, Patio, 100% Amoblado, Zona Facultad De Medicina",280000.0,"Suipacha Al 800, Rosario, Santa Fe",1,1,32.0,https://departamento.mercadolibre.com.ar/MLA-1932675698-monoambiente-en-alquiler-patio-100-amoblado-zona-facultad-de-medicina-_JM#polycard_client=search-nordic&position=17&search_layout=grid&type=item&tracking_id=9adfb013-a8fd-43f0-bf73-42fd48b349bf
Departamento 1 Dormitorio - San Lorenzo 2500 - Centro Rosario | Alquiler,250000.0,"San Lorenzo 2563, Rosario, Santa Fe",2,1,40.0,https://departamento.mercadolibre.com.ar/MLA-1927361466-departamento-1-dormitorio-san-lorenzo-2500-centro-rosario-alquiler-_JM#polycard_client=search-nordic&position=18&search_layout=grid&type=item&tracking_id=9adfb013-a8fd-43f0-bf73-42fd48b349bf
Departamento En Centro,250000.0,"Laprida Al 1300, Centro, Rosario, Santa Fe",1,1,30.0,https://departamento.mercadolibre.com.ar/MLA-1916559340-departamento-en-centro-_JM#polycard_client=search-nordic&position=19&search_layout=grid&type=item&tracking_id=9adfb013-a8fd-43f0-bf73-42fd48b349bf
Zeballos Al 4100 Alquiler Departamento 1 Dormitorio En Rosario,160000.0,"Zeballos AL 4100, Rosario, Santa Fe",2,1,39.0,https://departamento.mercadolibre.com.ar/MLA-1905708582-zeballos-al-4100-alquiler-departamento-1-dormitorio-en-rosario-_JM#polycard_client=search-nordic&position=20&search_layout=grid&type=item&tracking_id=9adfb013-a8fd-43f0-bf73-42fd48b349bf
Alquiler Un Dormitorio Zona Centro Rosario,300000.0,"San Juan Al 2900, Rosario, Santa Fe",2,1,42.0,https://departamento.mercadolibre.com.ar/MLA-1904662930-alquiler-un-dormitorio-zona-centro-rosario-_JM#polycard_client=search-nordic&position=21&search_layout=grid&type=item&tracking_id=9adfb013-a8fd-43f0-bf73-42fd48b349bf
"1 Dorm En Dúplex En Arroyito, Sin Expensas",215000.0,"Juan Jose Paso 721, Arroyito, Rosario, Santa Fe",2,1,36.0,https://departamento.mercadolibre.com.ar/MLA-1453351639-1-dorm-en-duplex-en-arroyito-sin-expensas-_JM#polycard_client=search-nordic&position=22&search_layout=grid&type=item&tracking_id=9adfb013-a8fd-43f0-bf73-42fd48b349bf
Pichincha 29 Bis - 1 Dormi Con Balcón,300000.0,"Pichincha Bis 29, Alberto Olmedo, Rosario, Santa Fe",2,1,45.0,https://departamento.mercadolibre.com.ar/MLA-1456057131-pichincha-29-bis-1-dormi-con-balcon-_JM#polycard_client=search-nordic&position=23&search_layout=grid&type=item&tracking_id=9adfb013-a8fd-43f0-bf73-42fd48b349bf
Departamento 1 Dormitorio - Urquiza 2000 - Centro Rosario | Alquiler,350000.0,"Urquiza 2097, Centro, Rosario, Santa Fe",2,1,49.0,https://departamento.mercadolibre.com.ar/MLA-1925140396-departamento-1-dormitorio-urquiza-2000-centro-rosario-alquiler-_JM#polycard_client=search-nordic&position=24&search_layout=grid&type=item&tracking_id=9adfb013-a8fd-43f0-bf73-42fd48b349bf
Alquiler Departamento 1 Dormitorios Céntrico,230000.0,"Rioja Al 600, Rosario, Santa Fe",2,1,35.0,https://departamento.mercadolibre.com.ar/MLA-1452847319-alquiler-departamento-1-dormitorios-centrico-_JM#polycard_client=search-nordic&position=25&search_layout=grid&type=item&tracking_id=9adfb013-a8fd-43f0-bf73-42fd48b349bf
Departamento - Echesortu,260000.0,"Iriondo Al 600 - Contrafrente, Rosario, Santa Fe",2,1,45.0,https://departamento.mercadolibre.com.ar/MLA-1934295920-departamento-echesortu-_JM#polycard_client=search-nordic&position=26&search_layout=grid&type=item&tracking_id=9adfb013-a8fd-43f0-bf73-42fd48b349bf
Departamento Monoambiente Amplio Con Balcón - Barrio Martin,150000.0,"San Juan Al 600, Rosario, Santa Fe",1,1,38.0,https://departamento.mercadolibre.com.ar/MLA-1932646066-departamento-monoambiente-amplio-con-balcon-barrio-martin-_JM#polycard_client=search-nordic&position=27&search_layout=grid&type=item&tracking_id=9adfb013-a8fd-43f0-bf73-42fd48b349bf
Depatamento De Un Ambiente En Alquiler Refinería Rosario,250000.0,"Av. De La Costa Estanislao López Al 2600, Centro, Rosario, Santa Fe",1,1,38.0,https://departamento.mercadolibre.com.ar/MLA-1931282440-depatamento-de-un-ambiente-en-alquiler-refineria-rosario-_JM#polycard_client=search-nordic&position=28&search_layout=grid&type=item&tracking_id=9adfb013-a8fd-43f0-bf73-42fd48b349bf
Alquiler Departamento 1 Dormitorio Zona Abasto,315000.0,"Cochabamba 1100, Abasto, Rosario, Santa Fe",2,1,36.0,https://departamento.mercadolibre.com.ar/MLA-1918269128-alquiler-departamento-1-dormitorio-zona-abasto-_JM#polycard_client=search-nordic&position=29&search_layout=grid&type=item&tracking_id=9adfb013-a8fd-43f0-bf73-42fd48b349bf
Departamento De Un Dormitorio + Comodín Sin Balcón,300000.0,"Rodriguez 567, Centro, Rosario, Santa Fe",2,1,60.0,https://departamento.mercadolibre.com.ar/MLA-1455714689-departamento-de-un-dormitorio-comodin-sin-balcon-_JM#polycard_client=search-nordic&position=31&search_layout=grid&type=item&tracking_id=9adfb013-a8fd-43f0-bf73-42fd48b349bf
Alquiler Departamento Monoambiente Amoblado,250000.0,"Jujuy 1400, Centro, Rosario, Santa Fe",1,1,35.0,https://departamento.mercadolibre.com.ar/MLA-1455757813-alquiler-departamento-monoambiente-amoblado-_JM#polycard_client=search-nordic&position=32&search_layout=grid&type=item&tracking_id=9adfb013-a8fd-43f0-bf73-42fd48b349bf
Departamento - Echesortu,220000.0,"Crespo Al 1100, Rosario, Santa Fe",2,1,35.0,https://departamento.mercadolibre.com.ar/MLA-1936188788-departamento-echesortu-_JM#polycard_client=search-nordic&position=33&search_layout=grid&type=item&tracking_id=9adfb013-a8fd-43f0-bf73-42fd48b349bf
Italia 279 - Dpto De 1 Dormitorio Externo.,300000.0,"Italia 250, Centro, Rosario, Santa Fe",2,1,36.0,https://departamento.mercadolibre.com.ar/MLA-1929761658-italia-279-dpto-de-1-dormitorio-externo-_JM#polycard_client=search-nordic&position=34&search_layout=grid&type=item&tracking_id=9adfb013-a8fd-43f0-bf73-42fd48b349bf
San Juan 672 - Dpto De 1 Dormitorio.,270000.0,"San Juan 650, Centro, Rosario, Santa Fe",2,1,32.0,https://departamento.mercadolibre.com.ar/MLA-1453299181-san-juan-672-dpto-de-1-dormitorio-_JM#polycard_client=search-nordic&position=35&search_layout=grid&type=item&tracking_id=9adfb013-a8fd-43f0-bf73-42fd48b349bf
Monoambiente En Alquiler Luis Agote,190000.0,"Urquiza 3400, Luis Agote, Rosario, Santa Fe",1,1,27.0,https://departamento.mercadolibre.com.ar/MLA-1935947494-monoambiente-en-alquiler-luis-agote-_JM#polycard_client=search-nordic&position=36&search_layout=grid&type=item&tracking_id=9adfb013-a8fd-43f0-bf73-42fd48b349bf
Venta Monoambiente Amplio Balcon Al Frente,200000.0,"Iriondo Al 400, Luis Agote, Rosario, Santa Fe",1,1,30.0,https://departamento.mercadolibre.com.ar/MLA-1930351496-venta-monoambiente-amplio-balcon-al-frente-_JM#polycard_client=search-nordic&position=37&search_layout=grid&type=item&tracking_id=9adfb013-a8fd-43f0-bf73-42fd48b349bf
Monoambiente A Estrenar,240000.0,"Avenida San Martín 1600, Centro, Rosario, Santa Fe",1,1,25.0,https://departamento.mercadolibre.com.ar/MLA-1939172020-monoambiente-a-estrenar-_JM#polycard_client=search-nordic&position=38&search_layout=grid&type=item&tracking_id=9adfb013-a8fd-43f0-bf73-42fd48b349bf
Departamento - Macrocentro,140000.0,"Necochea Al 2300, Rosario, Santa Fe",1,1,25.0,https://departamento.mercadolibre.com.ar/MLA-1439226393-departamento-macrocentro-_JM#polycard_client=search-nordic&position=39&search_layout=grid&type=item&tracking_id=9adfb013-a8fd-43f0-bf73-42fd48b349bf
Maipu 1746,260000.0,"MAIPU 1746, Rosario, Santa Fe",4,1,60.0,https://departamento.mercadolibre.com.ar/MLA-1448006803-maipu-1746-_JM#polycard_client=search-nordic&position=40&search_layout=grid&type=item&tracking_id=9adfb013-a8fd-43f0-bf73-42fd48b349bf
1 Dormitorio Frente Facultad Medicina,250000.0,"San Lorenzo 3857 - 1 Piso A, Centro, Rosario, Santa Fe",2,1,43.0,https://departamento.mercadolibre.com.ar/MLA-1925901456-1-dormitorio-frente-facultad-medicina-_JM#polycard_client=search-nordic&position=41&search_layout=grid&type=item&tracking_id=9adfb013-a8fd-43f0-bf73-42fd48b349bf
Alquiler | Monoambiente Con Patio Y Parrillero | Pichincha 86 Bis,229000.0,"Pichincha Bis 86, Alberto Olmedo, Rosario, Santa Fe",1,1,33.0,https://departamento.mercadolibre.com.ar/MLA-1446860169-alquiler-monoambiente-con-patio-y-parrillero-pichincha-86-bis-_JM#polycard_client=search-nordic&position=42&search_layout=grid&type=item&tracking_id=9adfb013-a8fd-43f0-bf73-42fd48b349bf
Departamento Alquiler 1 Dorm. Arroyit,250000.0,"Del Valle De Iberlucea Al 1300, Arroyito, Rosario, Santa Fe",3,1,45.0,https://departamento.mercadolibre.com.ar/MLA-1913048710-departamento-alquiler-1-dorm-arroyit-_JM#polycard_client=search-nordic&position=43&search_layout=grid&type=item&tracking_id=9adfb013-a8fd-43f0-bf73-42fd48b349bf
"Departamento 1 Dormitorio, Zona Centro",250000.0,"San Juan Al 600, Centro, Rosario, Santa Fe",2,1,35.0,https://departamento.mercadolibre.com.ar/MLA-1448280359-departamento-1-dormitorio-zona-centro-_JM#polycard_client=search-nordic&position=44&search_layout=grid&type=item&tracking_id=9adfb013-a8fd-43f0-bf73-42fd48b349bf
Departamento De 1 Dormitorio Con Balcón En Zona Centro,198000.0,"Mitre 1865 3ºC, Centro, Rosario, Santa Fe",2,1,40.0,https://departamento.mercadolibre.com.ar/MLA-1911661888-departamento-de-1-dormitorio-con-balcon-en-zona-centro-_JM#polycard_client=search-nordic&position=45&search_layout=grid&type=item&tracking_id=9adfb013-a8fd-43f0-bf73-42fd48b349bf
Alquiler Monoambiente Rosario Centro,180000.0,"Buenos Aires 996 10-01, Centro, Rosario, Santa Fe",1,1,25.0,https://departamento.mercadolibre.com.ar/MLA-1938814142-alquiler-monoambiente-rosario-centro-_JM#polycard_client=search-nordic&position=46&search_layout=grid&type=item&tracking_id=9adfb013-a8fd-43f0-bf73-42fd48b349bf
Departamento De Un Dormitorio En Alquiler,180000.0,"Callao Al 1400. Entre Zeballos Y 9 De Julio, Rosario, Santa Fe",2,1,40.0,https://departamento.mercadolibre.com.ar/MLA-1456310797-departamento-de-un-dormitorio-en-alquiler-_JM#polycard_client=search-nordic&position=47&search_layout=grid&type=item&tracking_id=9adfb013-a8fd-43f0-bf73-42fd48b349bf
Departamento En Barrio Lourdes,160000.0,"Montevideo Al 2400, Rosario, Santa Fe",1,1,24.0,https://departamento.mercadolibre.com.ar/MLA-1862236528-departamento-en-barrio-lourdes-_JM#polycard_client=search-nordic&position=2&search_layout=grid&type=item&tracking_id=eab960bd-6268-42c6-a6dc-49538ffc68d4
Departamento En Alquiler 2 Dormitorios Martin,420000.0,"3 De Febrero 700, Martin, Rosario, Santa Fe",4,1,82.0,https://departamento.mercadolibre.com.ar/MLA-1939197508-departamento-en-alquiler-2-dormitorios-martin-_JM#polycard_client=search-nordic&position=3&search_layout=grid&type=item&tracking_id=eab960bd-6268-42c6-a6dc-49538ffc68d4
Departamento En Barrio Lourdes,160000.0,"Montevideo Al 2400, Rosario, Santa Fe",1,1,24.0,https://departamento.mercadolibre.com.ar/MLA-1935977344-departamento-en-barrio-lourdes-_JM#polycard_client=search-nordic&position=4&search_layout=grid&type=item&tracking_id=eab960bd-6268-42c6-a6dc-49538ffc68d4
Vera Mujica Al 900 Alquiler Monosmabiente En Rosario,150000.0,"Vera Mujica Al 900, Rosario, Santa Fe",1,1,27.0,https://departamento.mercadolibre.com.ar/MLA-1937750186-vera-mujica-al-900-alquiler-monosmabiente-en-rosario-_JM#polycard_client=search-nordic&position=5&search_layout=grid&type=item&tracking_id=eab960bd-6268-42c6-a6dc-49538ffc68d4
Alquiler Departamento 1 Dormitorio Riobamba 800,160000.0,"Riobamba 831, Abasto, Rosario, Santa Fe",2,1,27.0,https://departamento.mercadolibre.com.ar/MLA-1454164055-alquiler-departamento-1-dormitorio-riobamba-800-_JM#polycard_client=search-nordic&position=6&search_layout=grid&type=item&tracking_id=eab960bd-6268-42c6-a6dc-49538ffc68d4
Departamento - Parque España,390000.0,"Rosario - Salta 1737, Rosario, Santa Fe",4,1,55.0,https://departamento.mercadolibre.com.ar/MLA-1450728541-departamento-parque-espana-_JM#polycard_client=search-nordic&position=7&search_layout=grid&type=item&tracking_id=eab960bd-6268-42c6-a6dc-49538ffc68d4
Departamento 3 Dormitorios - Montevideo 1600 - Centro Rosario |alquiler,330000.0,"Montevideo 1615, Centro, Rosario, Santa Fe",4,1,80.0,https://departamento.mercadolibre.com.ar/MLA-1448037319-departamento-3-dormitorios-montevideo-1600-centro-rosario-alquiler-_JM#polycard_client=search-nordic&position=8&search_layout=grid&type=item&tracking_id=eab960bd-6268-42c6-a6dc-49538ffc68d4
"Monoambiente En Alquiler Permanente, Ideal Estudiantes - Rosario",125000.0,"Don Bosco Bis 281 Rosario, Santa Fe, Argentina, Rosario, Santa Fe",1,1,16.0,https://departamento.mercadolibre.com.ar/MLA-1454550871-monoambiente-en-alquiler-permanente-ideal-estudiantes-rosario-_JM#polycard_client=search-nordic&position=9&search_layout=grid&type=item&tracking_id=eab960bd-6268-42c6-a6dc-49538ffc68d4
Cerrito 1688 Abasto Escaleras,180000.0,"CERRITO 1688, Rosario, Santa Fe",2,1,38.0,https://departamento.mercadolibre.com.ar/MLA-1448299331-cerrito-1688-abasto-escaleras-_JM#polycard_client=search-nordic&position=10&search_layout=grid&type=item&tracking_id=eab960bd-6268-42c6-a6dc-49538ffc68d4
Mendoza 2633- 01-04,200000.0,"Mendoza 2633, Rosario, Santa Fe",2,1,30.0,https://departamento.mercadolibre.com.ar/MLA-1925119018-mendoza-2633-01-04-_JM#polycard_client=search-nordic&position=11&search_layout=grid&type=item&tracking_id=eab960bd-6268-42c6-a6dc-49538ffc68d4
27 De Febrero Al 1700 Alquiler Departamento 1 Dormitorio Con Cochera En Rosario,310000.0,"27 De Febrero AL 1700, Rosario, Santa Fe",2,1,40.0,https://departamento.mercadolibre.com.ar/MLA-1444439773-27-de-febrero-al-1700-alquiler-departamento-1-dormitorio-con-cochera-en-rosario-_JM#polycard_client=search-nordic&position=12&search_layout=grid&type=item&tracking_id=eab960bd-6268-42c6-a6dc-49538ffc68d4
Departamento - Macrocentro,150000.0,"Dorrego Al 1300, Rosario, Santa Fe",1,1,28.0,https://departamento.mercadolibre.com.ar/MLA-1850238462-departamento-macrocentro-_JM#polycard_client=search-nordic&position=13&search_layout=grid&type=item&tracking_id=eab960bd-6268-42c6-a6dc-49538ffc68d4
Departamento En Centro,200000.0,"Riobamba Al 800, Centro, Rosario, Santa Fe",2,1,35.0,https://departamento.mercadolibre.com.ar/MLA-1901144474-departamento-en-centro-_JM#polycard_client=search-nordic&position=15&search_layout=grid&type=item&tracking_id=eab960bd-6268-42c6-a6dc-49538ffc68d4
Alquiler Monoambiente Maui,350000.0,"Avenida De La Costa Estanislao Lopez 2600, Centro, Rosario, Santa Fe",1,1,39.0,https://departamento.mercadolibre.com.ar/MLA-1911253838-alquiler-monoambiente-maui-_JM#polycard_client=search-nordic&position=16&search_layout=grid&type=item&tracking_id=eab960bd-6268-42c6-a6dc-49538ffc68d4
Departamento 1 Dormitorio A Estrenar,180000.0,"Urquiza Al 2600, Rosario, Santa Fe",2,1,30.0,https://departamento.mercadolibre.com.ar/MLA-1937018370-departamento-1-dormitorio-a-estrenar-_JM#polycard_client=search-nordic&position=17&search_layout=grid&type=item&tracking_id=eab960bd-6268-42c6-a6dc-49538ffc68d4
Departamento - Centro,225000.0,"Rioja Al 3100, Centro, Rosario, Santa Fe",2,1,36.0,https://departamento.mercadolibre.com.ar/MLA-1452127611-departamento-centro-_JM#polycard_client=search-nordic&position=18&search_layout=grid&type=item&tracking_id=eab960bd-6268-42c6-a6dc-49538ffc68d4
Un Dormitorio. Primer Piso Por Escalera,180000.0,"Zeballos Al 1900, Rosario, Santa Fe",2,1,31.0,https://departamento.mercadolibre.com.ar/MLA-1923458544-un-dormitorio-primer-piso-por-escalera-_JM#polycard_client=search-nordic&position=19&search_layout=grid&type=item&tracking_id=eab960bd-6268-42c6-a6dc-49538ffc68d4
Alquiler Un Dormitorio. Disponible Octubre,230000.0,"San Juan Al 2500, Rosario, Santa Fe",2,1,40.0,https://departamento.mercadolibre.com.ar/MLA-1455321479-alquiler-un-dormitorio-disponible-octubre-_JM#polycard_client=search-nordic&position=20&search_layout=grid&type=item&tracking_id=eab960bd-6268-42c6-a6dc-49538ffc68d4
Departamento En Alquiler 1 Dormitorio Zona Centroo,230000.0,"San Luis 900, Centro, Rosario, Santa Fe",2,1,41.0,https://departamento.mercadolibre.com.ar/MLA-1935197220-departamento-en-alquiler-1-dormitorio-zona-centroo-_JM#polycard_client=search-nordic&position=21&search_layout=grid&type=item&tracking_id=eab960bd-6268-42c6-a6dc-49538ffc68d4
Departamento En Alquiler De Un Ambiente Centro Rosario,190000.0,"Paraguay Al 300, Centro, Rosario, Santa Fe",1,1,35.0,https://departamento.mercadolibre.com.ar/MLA-1916566380-departamento-en-alquiler-de-un-ambiente-centro-rosario-_JM#polycard_client=search-nordic&position=22&search_layout=grid&type=item&tracking_id=eab960bd-6268-42c6-a6dc-49538ffc68d4
Pasco 1280 Departamento Pb,180000.0,"Pasco 1280, Abasto, Rosario, Santa Fe",2,1,38.0,https://departamento.mercadolibre.com.ar/MLA-1913833112-pasco-1280-departamento-pb-_JM#polycard_client=search-nordic&position=23&search_layout=grid&type=item&tracking_id=eab960bd-6268-42c6-a6dc-49538ffc68d4
Departamento - Macrocentro,150000.0,"Dorrego Al 1300, Rosario, Santa Fe",1,1,28.0,https://departamento.mercadolibre.com.ar/MLA-1935977342-departamento-macrocentro-_JM#polycard_client=search-nordic&position=24&search_layout=grid&type=item&tracking_id=eab960bd-6268-42c6-a6dc-49538ffc68d4
9 De Julio Al 1400 Alquiler Monoambiente En Rosario,200000.0,"9 DE Julio AL 1400, Centro, Rosario, Santa Fe",1,1,31.0,https://departamento.mercadolibre.com.ar/MLA-1451844569-9-de-julio-al-1400-alquiler-monoambiente-en-rosario-_JM#polycard_client=search-nordic&position=25&search_layout=grid&type=item&tracking_id=eab960bd-6268-42c6-a6dc-49538ffc68d4
Departamento En Centro Rosario,350000.0,"Santa Fe Al 1600, Centro, Rosario, Santa Fe",3,1,55.0,https://departamento.mercadolibre.com.ar/MLA-1931120244-departamento-en-centro-rosario-_JM#polycard_client=search-nordic&position=26&search_layout=grid&type=item&tracking_id=eab960bd-6268-42c6-a6dc-49538ffc68d4
Departamento - Centro,300000.0,"San Luis Al 900, Centro, Rosario, Santa Fe",2,1,45.0,https://departamento.mercadolibre.com.ar/MLA-1915044266-departamento-centro-_JM#polycard_client=search-nordic&position=27&search_layout=grid&type=item&tracking_id=eab960bd-6268-42c6-a6dc-49538ffc68d4
Riobamba 392 Escalera Bajos Gastos,120000.0,"RIOBAMBA 390, Rosario, Santa Fe",1,1,30.0,https://departamento.mercadolibre.com.ar/MLA-1910642580-riobamba-392-escalera-bajos-gastos-_JM#polycard_client=search-nordic&position=29&search_layout=grid&type=item&tracking_id=eab960bd-6268-42c6-a6dc-49538ffc68d4
Viamonte 548 - Dpto De 1 Dormitorio.,220000.0,"Viamonte 550, Centro, Rosario, Santa Fe",2,1,39.0,https://departamento.mercadolibre.com.ar/MLA-1445923467-viamonte-548-dpto-de-1-dormitorio-_JM#polycard_client=search-nordic&position=30&search_layout=grid&type=item&tracking_id=eab960bd-6268-42c6-a6dc-49538ffc68d4
"Departamento 3 De Febrero 1400, Contrafrente Excelente Estado.",250000.0,"Departamento 3 De Febrero 1400, Contrafrente Excelente Estado., Centro, Rosario, Santa Fe",2,1,45.0,https://departamento.mercadolibre.com.ar/MLA-1926060614-departamento-3-de-febrero-1400-contrafrente-excelente-estado-_JM#polycard_client=search-nordic&position=31&search_layout=grid&type=item&tracking_id=eab960bd-6268-42c6-a6dc-49538ffc68d4
Alquiler Monoambiente Con Amenities,190000.0,"Iriondo 300, Centro, Rosario, Santa Fe",1,1,30.0,https://departamento.mercadolibre.com.ar/MLA-1938437172-alquiler-monoambiente-con-amenities-_JM#polycard_client=search-nordic&position=32&search_layout=grid&type=item&tracking_id=eab960bd-6268-42c6-a6dc-49538ffc68d4
Departamento En Alquiler,190000.0,"3 De Febrero 634 - 3 Piso, Rosario, Santa Fe",1,1,40.0,https://departamento.mercadolibre.com.ar/MLA-1455751821-departamento-en-alquiler-_JM#polycard_client=search-nordic&position=33&search_layout=grid&type=item&tracking_id=eab960bd-6268-42c6-a6dc-49538ffc68d4
Departamento En Martin,230000.0,"Pellegrini Al 500, Martin, Rosario, Santa Fe",3,1,39.0,https://departamento.mercadolibre.com.ar/MLA-1936017970-departamento-en-martin-_JM#polycard_client=search-nordic&position=34&search_layout=grid&type=item&tracking_id=eab960bd-6268-42c6-a6dc-49538ffc68d4
Cafferata Al 900 Alquiler Depatamento 1 Dormitorio En Rosario,160000.0,"Cafferata AL 900, Rosario, Santa Fe",2,1,24.0,https://departamento.mercadolibre.com.ar/MLA-1456223961-cafferata-al-900-alquiler-depatamento-1-dormitorio-en-rosario-_JM#polycard_client=search-nordic&position=35&search_layout=grid&type=item&tracking_id=eab960bd-6268-42c6-a6dc-49538ffc68d4
Monoambiente En Alquiler Zona Facultades/terminal,170000.0,"Urquiza 3700, Centro, Rosario, Santa Fe",1,1,24.0,https://departamento.mercadolibre.com.ar/MLA-1452837997-monoambiente-en-alquiler-zona-facultadesterminal-_JM#polycard_client=search-nordic&position=36&search_layout=grid&type=item&tracking_id=eab960bd-6268-42c6-a6dc-49538ffc68d4
Departamento - Echesortu,160000.0,"Cordoba Al 4000, Rosario, Santa Fe",1,1,27.0,https://departamento.mercadolibre.com.ar/MLA-1934879344-departamento-echesortu-_JM#polycard_client=search-nordic&position=37&search_layout=grid&type=item&tracking_id=eab960bd-6268-42c6-a6dc-49538ffc68d4
Departamento En Alquiler En Cerrito 742,215000.0,"Cerrito Al 700, Abasto, Rosario, Santa Fe",1,1,30.0,https://departamento.mercadolibre.com.ar/MLA-1456273445-departamento-en-alquiler-en-cerrito-742-_JM#polycard_client=search-nordic&position=38&search_layout=grid&type=item&tracking_id=eab960bd-6268-42c6-a6dc-49538ffc68d4
Entre Rios 1372 Escaleras,250000.0,"ENTRE RIOS 1372, Rosario, Santa Fe",4,1,60.0,https://departamento.mercadolibre.com.ar/MLA-1450080257-entre-rios-1372-escaleras-_JM#polycard_client=search-nordic&position=39&search_layout=grid&type=item&tracking_id=eab960bd-6268-42c6-a6dc-49538ffc68d4
Alquiler Permanete Amueblado,350000.0,"San Martin 1322, Centro, Rosario, Santa Fe",2,1,38.0,https://departamento.mercadolibre.com.ar/MLA-1447642937-alquiler-permanete-amueblado-_JM#polycard_client=search-nordic&position=40&search_layout=grid&type=item&tracking_id=eab960bd-6268-42c6-a6dc-49538ffc68d4
Departamento 3 Dormitorios Vista Al Río,1500.0,"Avenida De La Costa Al 2600, Puerto Norte, Rosario, Santa Fe",4,4,162.0,https://departamento.mercadolibre.com.ar/MLA-1442968399-departamento-3-dormitorios-vista-al-rio-_JM#polycard_client=search-nordic&position=41&search_layout=grid&type=item&tracking_id=eab960bd-6268-42c6-a6dc-49538ffc68d4
Urquiza Al 2000 Alquiler Departamento 1 Dormitorio En Rosario,160000.0,"Urquiza AL 2000, Centro, Rosario, Santa Fe",2,1,29.0,https://departamento.mercadolibre.com.ar/MLA-1874293364-urquiza-al-2000-alquiler-departamento-1-dormitorio-en-rosario-_JM#polycard_client=search-nordic&position=42&search_layout=grid&type=item&tracking_id=eab960bd-6268-42c6-a6dc-49538ffc68d4
Monoambiente Zona Medicina,130000.0,"Urquiza Y Suipacha, Rosario, Santa Fe",1,1,23.0,https://departamento.mercadolibre.com.ar/MLA-1438169791-monoambiente-zona-medicina-_JM#polycard_client=search-nordic&position=43&search_layout=grid&type=item&tracking_id=eab960bd-6268-42c6-a6dc-49538ffc68d4
Buenos Aires 2235 Piso 4 Con Cochera,200000.0,"Buenos Aires 2235, Abasto, Rosario, Santa Fe",1,1,30.0,https://departamento.mercadolibre.com.ar/MLA-1448237449-buenos-aires-2235-piso-4-con-cochera-_JM#polycard_client=search-nordic&position=44&search_layout=grid&type=item&tracking_id=eab960bd-6268-42c6-a6dc-49538ffc68d4
Departamento - Martin,170000.0,"Montevideo Al 500, Martin, Rosario, Santa Fe",1,1,30.0,https://departamento.mercadolibre.com.ar/MLA-1916860210-departamento-martin-_JM#polycard_client=search-nordic&position=45&search_layout=grid&type=item&tracking_id=eab960bd-6268-42c6-a6dc-49538ffc68d4
Montevideo 927,200000.0,"MONTEVIDEO 927, Rosario, Santa Fe",2,1,38.0,https://departamento.mercadolibre.com.ar/MLA-1439211781-montevideo-927-_JM#polycard_client=search-nordic&position=46&search_layout=grid&type=item&tracking_id=eab960bd-6268-42c6-a6dc-49538ffc68d4
Pichincha.,150000.0,"Jujuy Al 2100, Alberto Olmedo, Rosario, Santa Fe",1,1,30.0,https://departamento.mercadolibre.com.ar/MLA-1849329400-pichincha-_JM#polycard_client=search-nordic&position=48&search_layout=grid&type=item&tracking_id=eab960bd-6268-42c6-a6dc-49538ffc68d4
Departamento De Pasillo,160000.0,"Urquiza Al 2600, Rosario, Santa Fe",1,1,28.0,https://departamento.mercadolibre.com.ar/MLA-1455669675-departamento-de-pasillo-_JM#polycard_client=search-nordic&position=1&search_layout=grid&type=item&tracking_id=751dafc8-08b8-478f-9844-85b4b108da25
Departamento 1 Dormitorio - Pellegrini 4000 - Rosario | Alquiler,235000.0,"Pellegrini 4040, Centro, Rosario, Santa Fe",2,1,46.0,https://departamento.mercadolibre.com.ar/MLA-1902003674-departamento-1-dormitorio-pellegrini-4000-rosario-alquiler-_JM#polycard_client=search-nordic&position=2&search_layout=grid&type=item&tracking_id=751dafc8-08b8-478f-9844-85b4b108da25
"Monoambiente En Alquiler - Republica De La Sexta, Rosario",125000.0,"Necochea 1780 Al 1700. Entre Av. Pellegrini Y Cochabamba, República De La Sexta, Rosario, Santa Fe",1,1,19.0,https://departamento.mercadolibre.com.ar/MLA-1447435459-monoambiente-en-alquiler-republica-de-la-sexta-rosario-_JM#polycard_client=search-nordic&position=3&search_layout=grid&type=item&tracking_id=751dafc8-08b8-478f-9844-85b4b108da25
Departamento - Centro,140000.0,"Paraguay Y Zeballos, Centro, Rosario, Santa Fe",1,1,25.0,https://departamento.mercadolibre.com.ar/MLA-1886813256-departamento-centro-_JM#polycard_client=search-nordic&position=4&search_layout=grid&type=item&tracking_id=751dafc8-08b8-478f-9844-85b4b108da25
Alquiler Monoambiente Zona Facultad,120000.0,"Antonelli 2200, Centro, Rosario, Santa Fe",1,1,24.0,https://departamento.mercadolibre.com.ar/MLA-1934619410-alquiler-monoambiente-zona-facultad-_JM#polycard_client=search-nordic&position=5&search_layout=grid&type=item&tracking_id=751dafc8-08b8-478f-9844-85b4b108da25
9 De Julio 900 - Departamento Monoambiente En Alquiler - Rosario,150000.0,"9 De Julio 900 5º A, Centro, Rosario, Santa Fe",1,1,30.0,https://departamento.mercadolibre.com.ar/MLA-1454427095-9-de-julio-900-departamento-monoambiente-en-alquiler-rosario-_JM#polycard_client=search-nordic&position=6&search_layout=grid&type=item&tracking_id=751dafc8-08b8-478f-9844-85b4b108da25
Departamento En Alquiler Amoblado Barrio Martin Rosario,210000.0,"Buenos Aires Al 900, Rosario, Santa Fe",1,1,30.0,https://departamento.mercadolibre.com.ar/MLA-1929834550-departamento-en-alquiler-amoblado-barrio-martin-rosario-_JM#polycard_client=search-nordic&position=7&search_layout=grid&type=item&tracking_id=751dafc8-08b8-478f-9844-85b4b108da25
Departamento De 1 Dormitorio. Primer Piso De Escalera,190000.0,"Alem 1345 1°, Centro, Rosario, Santa Fe",2,1,35.0,https://departamento.mercadolibre.com.ar/MLA-1915622966-departamento-de-1-dormitorio-primer-piso-de-escalera-_JM#polycard_client=search-nordic&position=8&search_layout=grid&type=item&tracking_id=751dafc8-08b8-478f-9844-85b4b108da25
Salta Al 1900 Alquiler Departamento 1 Dormitorio En Rosario,140000.0,"Salta Al 1900, Rosario, Santa Fe",2,1,19.0,https://departamento.mercadolibre.com.ar/MLA-1924371496-salta-al-1900-alquiler-departamento-1-dormitorio-en-rosario-_JM#polycard_client=search-nordic&position=9&search_layout=grid&type=item&tracking_id=751dafc8-08b8-478f-9844-85b4b108da25
"Monoambiente Con Placard, Proximo A Utn Y Unr De Ingnieria",180000.0,"9 De Julio Al 900, Rosario, Santa Fe",1,1,27.0,https://departamento.mercadolibre.com.ar/MLA-1445069133-monoambiente-con-placard-proximo-a-utn-y-unr-de-ingnieria-_JM#polycard_client=search-nordic&position=10&search_layout=grid&type=item&tracking_id=751dafc8-08b8-478f-9844-85b4b108da25
Departamento - Centro,130000.0,"9 De Julio Y Mitre, Centro, Rosario, Santa Fe",1,1,25.0,https://departamento.mercadolibre.com.ar/MLA-1886812776-departamento-centro-_JM#polycard_client=search-nordic&position=12&search_layout=grid&type=item&tracking_id=751dafc8-08b8-478f-9844-85b4b108da25
Ayacucho 1656 Y Pellegrini Frente A Ingenieria,185000.0,"AYACUCHO 1656, Rosario, Santa Fe",1,1,30.0,https://departamento.mercadolibre.com.ar/MLA-1901957740-ayacucho-1656-y-pellegrini-frente-a-ingenieria-_JM#polycard_client=search-nordic&position=13&search_layout=grid&type=item&tracking_id=751dafc8-08b8-478f-9844-85b4b108da25
"Alquiler -departamento -1 Dormitorio - Belgrano, Rosario",150000.0,"9 De Julio Al 3700, Belgrano, Rosario, Santa Fe",2,1,30.0,https://departamento.mercadolibre.com.ar/MLA-1447456369-alquiler-departamento-1-dormitorio-belgrano-rosario-_JM#polycard_client=search-nordic&position=14&search_layout=grid&type=item&tracking_id=751dafc8-08b8-478f-9844-85b4b108da25
Monoambiente Zona Medicina,130000.0,"Urquiza Y Suipacha, Rosario, Santa Fe",1,1,23.0,https://departamento.mercadolibre.com.ar/MLA-1935203094-monoambiente-zona-medicina-_JM#polycard_client=search-nordic&position=15&search_layout=grid&type=item&tracking_id=751dafc8-08b8-478f-9844-85b4b108da25
Monoambiente Zona Medicina,130000.0,"Urquiza Y Suipacha, Rosario, Santa Fe",1,1,23.0,https://departamento.mercadolibre.com.ar/MLA-1449222751-monoambiente-zona-medicina-_JM#polycard_client=search-nordic&position=16&search_layout=grid&type=item&tracking_id=751dafc8-08b8-478f-9844-85b4b108da25
Alquiler Permanete Amueblado,350000.0,"San Martin 1322, Centro, Rosario, Santa Fe",2,1,38.0,https://departamento.mercadolibre.com.ar/MLA-1939965518-alquiler-permanete-amueblado-_JM#polycard_client=search-nordic&position=17&search_layout=grid&type=item&tracking_id=751dafc8-08b8-478f-9844-85b4b108da25
Alquiler Departamento De 1 Dormitorio,200000.0,"Dorrego 1622, Centro, Rosario, Santa Fe",2,1,28.0,https://departamento.mercadolibre.com.ar/MLA-1938476734-alquiler-departamento-de-1-dormitorio-_JM#polycard_client=search-nordic&position=18&search_layout=grid&type=item&tracking_id=751dafc8-08b8-478f-9844-85b4b108da25
Montevideo Al 3200 - Alquiler Monoambiente En Rosario,140000.0,"Montevideo AL 3200, Rosario, Santa Fe",1,1,36.0,https://departamento.mercadolibre.com.ar/MLA-1939238062-montevideo-al-3200-alquiler-monoambiente-en-rosario-_JM#polycard_client=search-nordic&position=19&search_layout=grid&type=item&tracking_id=751dafc8-08b8-478f-9844-85b4b108da25
"Ov. Lagos 500 - Monoambiente En Alquiler - Rosario, Pichincha",150000.0,"Ov. Lagos Y Urquiza, Rosario, Santa Fe",1,1,26.0,https://departamento.mercadolibre.com.ar/MLA-1929848524-ov-lagos-500-monoambiente-en-alquiler-rosario-pichincha-_JM#polycard_client=search-nordic&position=20&search_layout=grid&type=item&tracking_id=751dafc8-08b8-478f-9844-85b4b108da25
Departamento A Estrenar En Microcento Monoambiente,350000.0,"Paraguay 300, Centro, Rosario, Santa Fe",1,1,32.0,https://departamento.mercadolibre.com.ar/MLA-1453375099-departamento-a-estrenar-en-microcento-monoambiente-_JM#polycard_client=search-nordic&position=21&search_layout=grid&type=item&tracking_id=751dafc8-08b8-478f-9844-85b4b108da25
Riobamba Y Alem Escalera,120000.0,"RIOBAMBA 392, Rosario, Santa Fe",1,1,28.0,https://departamento.mercadolibre.com.ar/MLA-1906171798-riobamba-y-alem-escalera-_JM#polycard_client=search-nordic&position=22&search_layout=grid&type=item&tracking_id=751dafc8-08b8-478f-9844-85b4b108da25
Alquiler Monoambiente,240000.0,"Urquiza Al 900, Centro, Rosario, Santa Fe",1,1,30.0,https://departamento.mercadolibre.com.ar/MLA-1936199732-alquiler-monoambiente-_JM#polycard_client=search-nordic&position=23&search_layout=grid&type=item&tracking_id=751dafc8-08b8-478f-9844-85b4b108da25
Departamento En Alquiler Centro,145000.0,"3 De Febrero 731 - 5 Piso 03, Centro, Rosario, Santa Fe",1,1,28.0,https://departamento.mercadolibre.com.ar/MLA-1906622138-departamento-en-alquiler-centro-_JM#polycard_client=search-nordic&position=24&search_layout=grid&type=item&tracking_id=751dafc8-08b8-478f-9844-85b4b108da25
"Av. Francia 1100 - Monoambiente En Alquiler - Rosario, Echesortu",160000.0,"Av. Francia Y San Juan, Rosario, Santa Fe",1,1,31.0,https://departamento.mercadolibre.com.ar/MLA-1455309023-av-francia-1100-monoambiente-en-alquiler-rosario-echesortu-_JM#polycard_client=search-nordic&position=25&search_layout=grid&type=item&tracking_id=751dafc8-08b8-478f-9844-85b4b108da25
Departamento De Un Dormitorio Alquiler. Amoblado,320000.0,"Vera Mujica 700, Centro, Rosario, Santa Fe",2,1,35.0,https://departamento.mercadolibre.com.ar/MLA-1455770491-departamento-de-un-dormitorio-alquiler-amoblado-_JM#polycard_client=search-nordic&position=26&search_layout=grid&type=item&tracking_id=751dafc8-08b8-478f-9844-85b4b108da25
Alquiler Monoambiente Amplio Y Luminoso Echesortu,180000.0,"9 De Julio 3200, Centro, Rosario, Santa Fe",1,1,33.0,https://departamento.mercadolibre.com.ar/MLA-1455664267-alquiler-monoambiente-amplio-y-luminoso-echesortu-_JM#polycard_client=search-nordic&position=27&search_layout=grid&type=item&tracking_id=751dafc8-08b8-478f-9844-85b4b108da25
Amplio Monoambiente Centro,170000.0,"9 De Julio Al 900, Rosario, Santa Fe",1,1,24.0,https://departamento.mercadolibre.com.ar/MLA-1934626752-amplio-monoambiente-centro-_JM#polycard_client=search-nordic&position=28&search_layout=grid&type=item&tracking_id=751dafc8-08b8-478f-9844-85b4b108da25
Monoambiente En Alquiler Centro,200000.0,"Paraguay 300, Centro, Rosario, Santa Fe",1,1,29.0,https://departamento.mercadolibre.com.ar/MLA-1936847040-monoambiente-en-alquiler-centro-_JM#polycard_client=search-nordic&position=29&search_layout=grid&type=item&tracking_id=751dafc8-08b8-478f-9844-85b4b108da25
Depto Alquiler Amoblado Un Dormitorio. Zona Rio.,350000.0,"Tucuman 1700, Centro, Rosario, Santa Fe",2,1,52.0,https://departamento.mercadolibre.com.ar/MLA-1455315845-depto-alquiler-amoblado-un-dormitorio-zona-rio-_JM#polycard_client=search-nordic&position=30&search_layout=grid&type=item&tracking_id=751dafc8-08b8-478f-9844-85b4b108da25
Alquiler Un Dormitorio Amoblado,450000.0,"COLON 1412, Martin, Rosario, Santa Fe",3,1,37.0,https://departamento.mercadolibre.com.ar/MLA-1910648186-alquiler-un-dormitorio-amoblado-_JM#polycard_client=search-nordic&position=31&search_layout=grid&type=item&tracking_id=751dafc8-08b8-478f-9844-85b4b108da25
Departamento Monoambiente - España 37 - Centro Rosario | Alquiler,250000.0,"España 37, Alberto Olmedo, Rosario, Santa Fe",1,1,32.0,https://departamento.mercadolibre.com.ar/MLA-1455383749-departamento-monoambiente-espana-37-centro-rosario-alquiler-_JM#polycard_client=search-nordic&position=33&search_layout=grid&type=item&tracking_id=751dafc8-08b8-478f-9844-85b4b108da25
Departamento Monoambiente En Centro,230000.0,"Santiago Al 800, Centro, Rosario, Santa Fe",1,1,27.0,https://departamento.mercadolibre.com.ar/MLA-1454620765-departamento-monoambiente-en-centro-_JM#polycard_client=search-nordic&position=34&search_layout=grid&type=item&tracking_id=751dafc8-08b8-478f-9844-85b4b108da25
Alquiler Mono Republica Sexta,120000.0,"Antonelli 0, Centro, Rosario, Santa Fe",1,1,22.0,https://departamento.mercadolibre.com.ar/MLA-1923456526-alquiler-mono-republica-sexta-_JM#polycard_client=search-nordic&position=35&search_layout=grid&type=item&tracking_id=751dafc8-08b8-478f-9844-85b4b108da25
Alquiler Un Dormitorio Amoblado,450000.0,"COLON 1412, Martin, Rosario, Santa Fe",3,1,37.0,https://departamento.mercadolibre.com.ar/MLA-1939914348-alquiler-un-dormitorio-amoblado-_JM#polycard_client=search-nordic&position=36&search_layout=grid&type=item&tracking_id=751dafc8-08b8-478f-9844-85b4b108da25
Monoambiente En Alquiler Pichincha,220000.0,"Urquiza 2700, Centro, Rosario, Santa Fe",1,1,29.0,https://departamento.mercadolibre.com.ar/MLA-1937550512-monoambiente-en-alquiler-pichincha-_JM#polycard_client=search-nordic&position=37&search_layout=grid&type=item&tracking_id=751dafc8-08b8-478f-9844-85b4b108da25
Alquiler Monoambiente En Pichincha,170000.0,"Martín Rodríguez 400, Centro, Rosario, Santa Fe",1,1,25.0,https://departamento.mercadolibre.com.ar/MLA-1455770449-alquiler-monoambiente-en-pichincha-_JM#polycard_client=search-nordic&position=38&search_layout=grid&type=item&tracking_id=751dafc8-08b8-478f-9844-85b4b108da25
Alquiler Departamento Monoambiente Con Balcon - Paraguay 154,230000.0,"Paraguay 154, Centro, Rosario, Santa Fe",1,1,35.0,https://departamento.mercadolibre.com.ar/MLA-1454055221-alquiler-departamento-monoambiente-con-balcon-paraguay-154-_JM#polycard_client=search-nordic&position=39&search_layout=grid&type=item&tracking_id=751dafc8-08b8-478f-9844-85b4b108da25
Monoambiente Proximo A Utn Y Pellegrini.,160000.0,"Paraguay Al 1400, Rosario, Santa Fe",1,1,26.0,https://departamento.mercadolibre.com.ar/MLA-1934878924-monoambiente-proximo-a-utn-y-pellegrini-_JM#polycard_client=search-nordic&position=40&search_layout=grid&type=item&tracking_id=751dafc8-08b8-478f-9844-85b4b108da25
Monoambiente Zona Unr Medicina,130000.0,"Urquiza Al 3200, Centro, Rosario, Santa Fe",1,1,25.0,https://departamento.mercadolibre.com.ar/MLA-1438169449-monoambiente-zona-unr-medicina-_JM#polycard_client=search-nordic&position=41&search_layout=grid&type=item&tracking_id=751dafc8-08b8-478f-9844-85b4b108da25
Dpto Monoambiente Totalmente Amueblado Y Equipado Con Balcon,240000.0,"Santiago 853, Rosario, Provincia De Santa Fe, Argentina, Centro, Rosario, Santa Fe",1,1,35.0,https://departamento.mercadolibre.com.ar/MLA-1924852570-dpto-monoambiente-totalmente-amueblado-y-equipado-con-balcon-_JM#polycard_client=search-nordic&position=42&search_layout=grid&type=item&tracking_id=751dafc8-08b8-478f-9844-85b4b108da25
Departamento En Un Dormitorio En Alquiler,230000.0,"Güemes Al 1800, Alberto Olmedo, Rosario, Santa Fe",2,1,42.0,https://departamento.mercadolibre.com.ar/MLA-1453803951-departamento-en-un-dormitorio-en-alquiler-_JM#polycard_client=search-nordic&position=43&search_layout=grid&type=item&tracking_id=751dafc8-08b8-478f-9844-85b4b108da25
3 De Febrero Al 1000 - Alquiler Monoambiente En Rosario -,140000.0,"3 DE Febrero Al 1000, Centro, Rosario, Santa Fe",1,1,19.0,https://departamento.mercadolibre.com.ar/MLA-1455720623-3-de-febrero-al-1000-alquiler-monoambiente-en-rosario--_JM#polycard_client=search-nordic&position=44&search_layout=grid&type=item&tracking_id=751dafc8-08b8-478f-9844-85b4b108da25
"Ov. Lagos 500 - Monoambiente En Alquiler - Rosario, Pichincha",150000.0,"Ov. Lagos Y Urquiza, Alberto Olmedo, Rosario, Santa Fe",1,1,27.0,https://departamento.mercadolibre.com.ar/MLA-1929835272-ov-lagos-500-monoambiente-en-alquiler-rosario-pichincha-_JM#polycard_client=search-nordic&position=45&search_layout=grid&type=item&tracking_id=751dafc8-08b8-478f-9844-85b4b108da25
Departamento 1 Dormitorio En Centro,260000.0,"Santiago Al 800, Centro, Rosario, Santa Fe",2,1,45.0,https://departamento.mercadolibre.com.ar/MLA-1454610701-departamento-1-dormitorio-en-centro-_JM#polycard_client=search-nordic&position=46&search_layout=grid&type=item&tracking_id=751dafc8-08b8-478f-9844-85b4b108da25
Alquiler Departamento 2 Dormitorios - Mendoza 1000 Rosario,350000.0,"Mendoza Al 1000, Centro, Rosario, Santa Fe",3,1,67.0,https://departamento.mercadolibre.com.ar/MLA-1939934086-alquiler-departamento-2-dormitorios-mendoza-1000-rosario-_JM#polycard_client=search-nordic&position=48&search_layout=grid&type=item&tracking_id=751dafc8-08b8-478f-9844-85b4b108da25
Monoambiente En Alquiler Con Balcón Al Frente - Balcarce Al 900,200000.0,"Balcarce Al 900, Centro, Rosario, Santa Fe",1,1,36.0,https://departamento.mercadolibre.com.ar/MLA-1926713038-monoambiente-en-alquiler-con-balcon-al-frente-balcarce-al-900-_JM#polycard_client=search-nordic&position=1&search_layout=grid&type=item&tracking_id=a6ad8160-3990-4494-85c8-fea21d86da41
Departamento 1 Dormitorio En Fisherton,500000.0,"Allipi Al 9200, Fisherton, Rosario, Santa Fe",2,1,51.0,https://departamento.mercadolibre.com.ar/MLA-1935316774-departamento-1-dormitorio-en-fisherton-_JM#polycard_client=search-nordic&position=2&search_layout=grid&type=item&tracking_id=a6ad8160-3990-4494-85c8-fea21d86da41
Departamento - Macrocentro,160000.0,"3 De Febrero Y Vera Mujica, Rosario, Santa Fe",1,1,25.0,https://departamento.mercadolibre.com.ar/MLA-1455734247-departamento-macrocentro-_JM#polycard_client=search-nordic&position=3&search_layout=grid&type=item&tracking_id=a6ad8160-3990-4494-85c8-fea21d86da41
Alquiler 1 Dormitorio Céntrico Con Balcón,190000.0,"Balcarce Y 3 De Febrero, Centro, Rosario, Santa Fe",2,1,32.0,https://departamento.mercadolibre.com.ar/MLA-1448897571-alquiler-1-dormitorio-centrico-con-balcon-_JM#polycard_client=search-nordic&position=4&search_layout=grid&type=item&tracking_id=a6ad8160-3990-4494-85c8-fea21d86da41
Alquilo Departamento 2 Ambientes Centro Rosario,300000.0,"San Juan 2756, Centro, Rosario, Santa Fe",2,1,40.0,https://departamento.mercadolibre.com.ar/MLA-1448751235-alquilo-departamento-2-ambientes-centro-rosario-_JM#polycard_client=search-nordic&position=5&search_layout=grid&type=item&tracking_id=a6ad8160-3990-4494-85c8-fea21d86da41
Alquiler Departamento 1 Dormitorio,210000.0,"Cochabamba Al 800, Abasto, Rosario, Santa Fe",2,1,35.0,https://departamento.mercadolibre.com.ar/MLA-1906613658-alquiler-departamento-1-dormitorio-_JM#polycard_client=search-nordic&position=6&search_layout=grid&type=item&tracking_id=a6ad8160-3990-4494-85c8-fea21d86da41
Rosario - Av. Francia 1541 12.03,130000.0,"Rosario - Av. Francia 1541 12.03, Rosario, Santa Fe",1,1,20.0,https://departamento.mercadolibre.com.ar/MLA-1859558276-rosario-av-francia-1541-1203-_JM#polycard_client=search-nordic&position=7&search_layout=grid&type=item&tracking_id=a6ad8160-3990-4494-85c8-fea21d86da41
Monoambiente Echesortu.,150000.0,"Rio De Janeiro Y San Luis, Rosario, Santa Fe",1,1,30.0,https://departamento.mercadolibre.com.ar/MLA-1920569828-monoambiente-echesortu-_JM#polycard_client=search-nordic&position=8&search_layout=grid&type=item&tracking_id=a6ad8160-3990-4494-85c8-fea21d86da41
Monoambiente En Zona Centro,170000.0,"Paraguay 1019, Centro, Rosario, Santa Fe",1,1,28.0,https://departamento.mercadolibre.com.ar/MLA-1455909057-monoambiente-en-zona-centro-_JM#polycard_client=search-nordic&position=9&search_layout=grid&type=item&tracking_id=a6ad8160-3990-4494-85c8-fea21d86da41
"Alquila Santa Fe 2609, Contra Frente, 44 M2,",270000.0,"Santa Fe 2600, Rosario, Provincia De Santa Fe, Argentina, Alberto Olmedo, Rosario, Santa Fe",2,1,41.0,https://departamento.mercadolibre.com.ar/MLA-1868225456-alquila-santa-fe-2609-contra-frente-44-m2-_JM#polycard_client=search-nordic&position=11&search_layout=grid&type=item&tracking_id=a6ad8160-3990-4494-85c8-fea21d86da41
Alquiler | Corrientes 2280 | Monoambiente,120000.0,"Corrientes 2280, Centro, Rosario, Santa Fe",1,1,27.0,https://departamento.mercadolibre.com.ar/MLA-1868688320-alquiler-corrientes-2280-monoambiente-_JM#polycard_client=search-nordic&position=12&search_layout=grid&type=item&tracking_id=a6ad8160-3990-4494-85c8-fea21d86da41
San Luis 2857,150000.0,"SAN LUIS 2857, Rosario, Santa Fe",1,1,30.0,https://departamento.mercadolibre.com.ar/MLA-1439211723-san-luis-2857-_JM#polycard_client=search-nordic&position=13&search_layout=grid&type=item&tracking_id=a6ad8160-3990-4494-85c8-fea21d86da41
Departamento - Macrocentro,140000.0,"Zeballos Y Alvear, Rosario, Santa Fe",1,1,28.0,https://departamento.mercadolibre.com.ar/MLA-1444292245-departamento-macrocentro-_JM#polycard_client=search-nordic&position=14&search_layout=grid&type=item&tracking_id=a6ad8160-3990-4494-85c8-fea21d86da41
"C & P Inmobiliaria: Zeballos 3247, 40 M2 Cubiertos, Balcón Terraza, Ventilación Cruzada",250000.0,"Zeballos 3200, Centro, Rosario, Santa Fe",2,1,40.0,https://departamento.mercadolibre.com.ar/MLA-1931282138-c-p-inmobiliaria-zeballos-3247-40-m2-cubiertos-balcon-terraza-ventilacion-cruzada-_JM#polycard_client=search-nordic&position=15&search_layout=grid&type=item&tracking_id=a6ad8160-3990-4494-85c8-fea21d86da41
Departamento - Macrocentro,160000.0,"Ricchieri Al 1100, Rosario, Santa Fe",1,1,24.0,https://departamento.mercadolibre.com.ar/MLA-1937531172-departamento-macrocentro-_JM#polycard_client=search-nordic&position=16&search_layout=grid&type=item&tracking_id=a6ad8160-3990-4494-85c8-fea21d86da41
"Caferatta 1072, Estrenar, Balcón, Sum Con Parrillero.-",180000.0,"Cafferata 1000, Echesortu, Rosario, Santa Fe",1,1,4.0,https://departamento.mercadolibre.com.ar/MLA-1913278098-caferatta-1072-estrenar-balcon-sum-con-parrillero--_JM#polycard_client=search-nordic&position=17&search_layout=grid&type=item&tracking_id=a6ad8160-3990-4494-85c8-fea21d86da41
Montevideo 1738 De Escaleras,140000.0,"MONTEVIDEO 1738, Rosario, Santa Fe",1,1,30.0,https://departamento.mercadolibre.com.ar/MLA-1454443889-montevideo-1738-de-escaleras-_JM#polycard_client=search-nordic&position=18&search_layout=grid&type=item&tracking_id=a6ad8160-3990-4494-85c8-fea21d86da41
Colón 1998 - Dpto De 1 Dormitorio Externo.,300000.0,"Colón 1950, Centro, Rosario, Santa Fe",2,1,42.0,https://departamento.mercadolibre.com.ar/MLA-1934404096-colon-1998-dpto-de-1-dormitorio-externo-_JM#polycard_client=search-nordic&position=19&search_layout=grid&type=item&tracking_id=a6ad8160-3990-4494-85c8-fea21d86da41
"Del Rey Inmobiliaria Alquila: Zeballos 2685, 26 M2, 8 Años Antigüedad.",180000.0,"Zeballos 2685, Centro, Rosario, Santa Fe",2,1,26.0,https://departamento.mercadolibre.com.ar/MLA-1874190554-del-rey-inmobiliaria-alquila-zeballos-2685-26-m2-8-anos-antiguedad-_JM#polycard_client=search-nordic&position=20&search_layout=grid&type=item&tracking_id=a6ad8160-3990-4494-85c8-fea21d86da41
Departamento - Macrocentro,150000.0,"Moreno Al 1400, Rosario, Santa Fe",1,1,27.0,https://departamento.mercadolibre.com.ar/MLA-1886826436-departamento-macrocentro-_JM#polycard_client=search-nordic&position=21&search_layout=grid&type=item&tracking_id=a6ad8160-3990-4494-85c8-fea21d86da41
Departamento - Macrocentro,170000.0,"Moreno Al 1400, Rosario, Santa Fe",1,1,27.0,https://departamento.mercadolibre.com.ar/MLA-1455141241-departamento-macrocentro-_JM#polycard_client=search-nordic&position=22&search_layout=grid&type=item&tracking_id=a6ad8160-3990-4494-85c8-fea21d86da41
Semipiso De Lujo-vista Franca Al Río-4 Dormitorios,1100.0,"1 De Mayo 951, Martin, Rosario, Santa Fe",6,4,240.0,https://departamento.mercadolibre.com.ar/MLA-1945567178-semipiso-de-lujo-vista-franca-al-rio-4-dormitorios-_JM#polycard_client=search-nordic&position=23&search_layout=grid&type=item&tracking_id=a6ad8160-3990-4494-85c8-fea21d86da41
Echesortu. Monoambiente A Estrenar En Alquiler,190000.0,"Constitución 1091, Echesortu, Rosario, Santa Fe",1,1,32.0,https://departamento.mercadolibre.com.ar/MLA-1456655663-echesortu-monoambiente-a-estrenar-en-alquiler-_JM#polycard_client=search-nordic&position=24&search_layout=grid&type=item&tracking_id=a6ad8160-3990-4494-85c8-fea21d86da41
Monoambiente,175000.0,"San Martin 519, Centro, Rosario, Santa Fe",1,1,30.0,https://departamento.mercadolibre.com.ar/MLA-1457394229-monoambiente-_JM#polycard_client=search-nordic&position=25&search_layout=grid&type=item&tracking_id=a6ad8160-3990-4494-85c8-fea21d86da41
Moderno Monoambiente Amoblado!! Dueño Directo!!,350000.0,"Pichincha Bis 86, Alberto Olmedo, Rosario, Santa Fe",1,1,41.0,https://departamento.mercadolibre.com.ar/MLA-1942824032-moderno-monoambiente-amoblado-dueno-directo-_JM#polycard_client=search-nordic&position=26&search_layout=grid&type=item&tracking_id=a6ad8160-3990-4494-85c8-fea21d86da41
Dueño Directo Alquila Monoambiente Amplio. A Una Cuadra Del Monumento A La Bandera. San Lorenzo 756,220000.0,"San Lorenzo 756, Centro, Rosario, Santa Fe",1,1,35.0,https://departamento.mercadolibre.com.ar/MLA-1930400270-dueno-directo-alquila-monoambiente-amplio-a-una-cuadra-del-monumento-a-la-bandera-san-lorenzo-756-_JM#polycard_client=search-nordic&position=27&search_layout=grid&type=item&tracking_id=a6ad8160-3990-4494-85c8-fea21d86da41
Alquiler Monoambiente. Rosario. Ov Lagos 722. Zona Universidades.,170000.0,"Av. Ovidio Lagos 722, Alberto Olmedo, Rosario, Santa Fe",1,1,24.0,https://departamento.mercadolibre.com.ar/MLA-1938775818-alquiler-monoambiente-rosario-ov-lagos-722-zona-universidades-_JM#polycard_client=search-nordic&position=28&search_layout=grid&type=item&tracking_id=a6ad8160-3990-4494-85c8-fea21d86da41
Alquilo Departamento 2 Dormitorios.dueño Directo.,350000.0,"Cochabamba Y Chacabuco 46 Bis, República De La Sexta, Rosario, Santa Fe",4,1,55.0,https://departamento.mercadolibre.com.ar/MLA-1935155798-alquilo-departamento-2-dormitoriosdueno-directo-_JM#polycard_client=search-nordic&position=29&search_layout=grid&type=item&tracking_id=a6ad8160-3990-4494-85c8-fea21d86da41
Alquiler Centro Rosario 2 Dormitorio Lavadero Cochera Balcon,450000.0,"Paraguay 1459, Centro, Rosario, Santa Fe",3,1,65.0,https://departamento.mercadolibre.com.ar/MLA-1455571037-alquiler-centro-rosario-2-dormitorio-lavadero-cochera-balcon-_JM#polycard_client=search-nordic&position=30&search_layout=grid&type=item&tracking_id=a6ad8160-3990-4494-85c8-fea21d86da41
Departamento 1 Dormitorio,250000.0,"Mariano Moreno 2896, Rosario, Provincia De Santa Fe, Argentina, España Y Hospitales, Rosario, Santa Fe",2,1,35.0,https://departamento.mercadolibre.com.ar/MLA-1454024485-departamento-1-dormitorio-_JM#polycard_client=search-nordic&position=31&search_layout=grid&type=item&tracking_id=a6ad8160-3990-4494-85c8-fea21d86da41
Depto 1 Dormitorio. Rosario. Salta 1875,280000.0,"SALTA 1875, Centro, Rosario, Santa Fe",2,1,47.0,https://departamento.mercadolibre.com.ar/MLA-1938762922-depto-1-dormitorio-rosario-salta-1875-_JM#polycard_client=search-nordic&position=32&search_layout=grid&type=item&tracking_id=a6ad8160-3990-4494-85c8-fea21d86da41
"Departamento Urquiza 3800, Plena Zona Facultades, Excelente Estado, Semipiso Muy Luminoso",220000.0,"Urquiza 3810, Luis Agote, Rosario, Santa Fe",2,1,45.0,https://departamento.mercadolibre.com.ar/MLA-1936199700-departamento-urquiza-3800-plena-zona-facultades-excelente-estado-semipiso-muy-luminoso-_JM#polycard_client=search-nordic&position=33&search_layout=grid&type=item&tracking_id=a6ad8160-3990-4494-85c8-fea21d86da41
Departamento Un Dormitorio,220000.0,"Arijón 1511, Tiro Suizo, Rosario, Santa Fe",2,1,35.0,https://departamento.mercadolibre.com.ar/MLA-1456263145-departamento-un-dormitorio-_JM#polycard_client=search-nordic&position=34&search_layout=grid&type=item&tracking_id=a6ad8160-3990-4494-85c8-fea21d86da41
Departamento Piso Exclusivo,255000.0,"Montevideo 375, Rosario, Provincia De Santa Fe, Argentina, Centro, Rosario, Santa Fe",4,1,76.0,https://departamento.mercadolibre.com.ar/MLA-1455764103-departamento-piso-exclusivo-_JM#polycard_client=search-nordic&position=35&search_layout=grid&type=item&tracking_id=a6ad8160-3990-4494-85c8-fea21d86da41
Departamento 1 Dormitorio. Zona Centro A Metros Del Rio,350000.0,"Balcarce 175, Centro, Rosario, Santa Fe",5,1,45.0,https://departamento.mercadolibre.com.ar/MLA-1939158454-departamento-1-dormitorio-zona-centro-a-metros-del-rio-_JM#polycard_client=search-nordic&position=36&search_layout=grid&type=item&tracking_id=a6ad8160-3990-4494-85c8-fea21d86da41
Monoambiente Con Balcon Terraza,185000.0,"Ayacucho 1985, República De La Sexta, Rosario, Santa Fe",1,1,40.0,https://departamento.mercadolibre.com.ar/MLA-1942533374-monoambiente-con-balcon-terraza-_JM#polycard_client=search-nordic&position=37&search_layout=grid&type=item&tracking_id=a6ad8160-3990-4494-85c8-fea21d86da41
Departamento 1 Dormitorio Centro,180000.0,"Entre Ríos 483, Centro, Rosario, Santa Fe",3,1,27.0,https://departamento.mercadolibre.com.ar/MLA-1455120725-departamento-1-dormitorio-centro-_JM#polycard_client=search-nordic&position=38&search_layout=grid&type=item&tracking_id=a6ad8160-3990-4494-85c8-fea21d86da41
Alquilo Encantador Departamento De Un Dormitorio,199000.0,"Av. Eva Perón 4868, Echesortu, Rosario, Santa Fe",2,1,44.0,https://departamento.mercadolibre.com.ar/MLA-1453856823-alquilo-encantador-departamento-de-un-dormitorio-_JM#polycard_client=search-nordic&position=39&search_layout=grid&type=item&tracking_id=a6ad8160-3990-4494-85c8-fea21d86da41
"Monoambiente. Ingreso Con Doble.puerta, A Galería Techada.",100000.0,"Pasaje Ferrari 2777, Villa Gobernador Gálvez, Rosario, Santa Fe",1,1,15.0,https://departamento.mercadolibre.com.ar/MLA-1940506360-monoambiente-ingreso-con-doblepuerta-a-galeria-techada-_JM#polycard_client=search-nordic&position=40&search_layout=grid&type=item&tracking_id=a6ad8160-3990-4494-85c8-fea21d86da41
Alquilo 2 Dorm+2 Baños+cochera+balcón.rosario Centro,450000.0,"Corrientes 1462, Centro, Rosario, Santa Fe",4,2,85.0,https://departamento.mercadolibre.com.ar/MLA-1453277319-alquilo-2-dorm2-banoscocherabalconrosario-centro-_JM#polycard_client=search-nordic&position=41&search_layout=grid&type=item&tracking_id=a6ad8160-3990-4494-85c8-fea21d86da41
Alquiler Departamento De Una Habitación A Estrenar,280000.0,"Mendoza 1028, Centro, Rosario, Santa Fe",2,1,45.0,https://departamento.mercadolibre.com.ar/MLA-1932153818-alquiler-departamento-de-una-habitacion-a-estrenar-_JM#polycard_client=search-nordic&position=42&search_layout=grid&type=item&tracking_id=a6ad8160-3990-4494-85c8-fea21d86da41
Departamento Un Dormitorio,160000.0,"9 De Julio 1368, Centro, Rosario, Santa Fe",2,1,34.0,https://departamento.mercadolibre.com.ar/MLA-1455826681-departamento-un-dormitorio-_JM#polycard_client=search-nordic&position=43&search_layout=grid&type=item&tracking_id=a6ad8160-3990-4494-85c8-fea21d86da41
Dueño Alquila Departamento De Pasillo,199000.0,"Av. Eva Perón 4868, Echesortu, Rosario, Santa Fe",2,1,44.0,https://departamento.mercadolibre.com.ar/MLA-1453857601-dueno-alquila-departamento-de-pasillo-_JM#polycard_client=search-nordic&position=44&search_layout=grid&type=item&tracking_id=a6ad8160-3990-4494-85c8-fea21d86da41
Departamente Alquiler En Alem Al 1900 2 Cuadras De Av. Pellegrini,330000.0,"Leandro N. Alem 1900, República De La Sexta, Rosario, Santa Fe",2,1,40.0,https://departamento.mercadolibre.com.ar/MLA-1454545559-departamente-alquiler-en-alem-al-1900-2-cuadras-de-av-pellegrini-_JM#polycard_client=search-nordic&position=45&search_layout=grid&type=item&tracking_id=a6ad8160-3990-4494-85c8-fea21d86da41
Departamento Un Dormitorio . Dueño Directo,220000.0,"Colón 1900, Centro, Rosario, Santa Fe",2,1,35.0,https://departamento.mercadolibre.com.ar/MLA-1934609904-departamento-un-dormitorio-dueno-directo-_JM#polycard_client=search-nordic&position=46&search_layout=grid&type=item&tracking_id=a6ad8160-3990-4494-85c8-fea21d86da41
Dueño Alquila Departamento Semipiso,300000.0,"San Lorenzo 826, Centro, Rosario, Santa Fe",2,1,50.0,https://departamento.mercadolibre.com.ar/MLA-1927417680-dueno-alquila-departamento-semipiso-_JM#polycard_client=search-nordic&position=47&search_layout=grid&type=item&tracking_id=a6ad8160-3990-4494-85c8-fea21d86da41
Alquiler Dpto Monoambiente,120000.0,"Primero De Mayo 3300, Rosario, Provincia De Santa Fe, Argentina, General Jose De San Martin, Rosario, Santa Fe",1,1,22.0,https://departamento.mercadolibre.com.ar/MLA-1456114083-alquiler-dpto-monoambiente-_JM#polycard_client=search-nordic&position=48&search_layout=grid&type=item&tracking_id=a6ad8160-3990-4494-85c8-fea21d86da41
Dueño 1 Ambiente,220000.0,"Av. Francia 855, Centro, Rosario, Santa Fe",1,1,33.0,https://departamento.mercadolibre.com.ar/MLA-1933825698-dueno-1-ambiente-_JM#polycard_client=search-nordic&position=1&search_layout=grid&type=item&tracking_id=1d2ff805-3ab3-4da5-9224-1917ef8b99c0
Departamento En Alquiler 1 Ambiente Centro,150000.0,"Jujuy 1866 Unidad 01 01, Centro, Rosario, Santa Fe",1,1,24.0,https://departamento.mercadolibre.com.ar/MLA-1946445678-departamento-en-alquiler-1-ambiente-centro-_JM#polycard_client=search-nordic&position=2&search_layout=grid&type=item&tracking_id=1d2ff805-3ab3-4da5-9224-1917ef8b99c0
Departamento En Alquiler Temporario Monoambiente Luis Agote,250000.0,"Ituzaingó 3659-unidad 03 02, Luis Agote, Rosario, Santa Fe",1,1,21.0,https://departamento.mercadolibre.com.ar/MLA-1946396424-departamento-en-alquiler-temporario-monoambiente-luis-agote-_JM#polycard_client=search-nordic&position=3&search_layout=grid&type=item&tracking_id=1d2ff805-3ab3-4da5-9224-1917ef8b99c0
Departamento En Alquiler 1 Ambiente Centro,150000.0,"Jujuy 1866 Unidad 01 01, Centro, Rosario, Santa Fe",1,1,24.0,https://departamento.mercadolibre.com.ar/MLA-1457736009-departamento-en-alquiler-1-ambiente-centro-_JM#polycard_client=search-nordic&position=4&search_layout=grid&type=item&tracking_id=1d2ff805-3ab3-4da5-9224-1917ef8b99c0
3 De Febrero Al 1800 Alquiler Departamento 2 Dormitorios En Rosario,500000.0,"3 DE Febrero AL 1800, Rosario, Santa Fe",3,1,56.0,https://departamento.mercadolibre.com.ar/MLA-1457756551-3-de-febrero-al-1800-alquiler-departamento-2-dormitorios-en-rosario-_JM#polycard_client=search-nordic&position=5&search_layout=grid&type=item&tracking_id=1d2ff805-3ab3-4da5-9224-1917ef8b99c0
3 De Febrero Al 1800 Alquiler Departamento 2 Dormitorios En Rosario,500000.0,"3 DE Febrero AL 1800, Rosario, Santa Fe",3,1,56.0,https://departamento.mercadolibre.com.ar/MLA-1457767767-3-de-febrero-al-1800-alquiler-departamento-2-dormitorios-en-rosario-_JM#polycard_client=search-nordic&position=6&search_layout=grid&type=item&tracking_id=1d2ff805-3ab3-4da5-9224-1917ef8b99c0
3 De Febrero Al 1800 Alquiler Departamento 2 Dormitorios En Rosario,500000.0,"3 DE Febrero AL 1800, Centro, Rosario, Santa Fe",3,1,56.0,https://departamento.mercadolibre.com.ar/MLA-1457717879-3-de-febrero-al-1800-alquiler-departamento-2-dormitorios-en-rosario-_JM#polycard_client=search-nordic&position=7&search_layout=grid&type=item&tracking_id=1d2ff805-3ab3-4da5-9224-1917ef8b99c0
3 De Febrero Al 1800 Alquiler Departamento 1 Dormitorio En Rosario,320000.0,"3 DE Febrero AL 1800, Centro, Rosario, Santa Fe",2,1,36.0,https://departamento.mercadolibre.com.ar/MLA-1457767611-3-de-febrero-al-1800-alquiler-departamento-1-dormitorio-en-rosario-_JM#polycard_client=search-nordic&position=8&search_layout=grid&type=item&tracking_id=1d2ff805-3ab3-4da5-9224-1917ef8b99c0
3 De Febrero Al 1800 Alquiler Departamento 1 Dormitorio En Rosario,320000.0,"3 DE Febrero AL 1800, Centro, Rosario, Santa Fe",2,1,38.0,https://departamento.mercadolibre.com.ar/MLA-1946357192-3-de-febrero-al-1800-alquiler-departamento-1-dormitorio-en-rosario-_JM#polycard_client=search-nordic&position=9&search_layout=grid&type=item&tracking_id=1d2ff805-3ab3-4da5-9224-1917ef8b99c0
Vera Mujica 1200 - Departamento Monoambiente En Alquiler En Rosario Echesortu,185000.0,"Vera Mujica Y Mendoza, Rosario, Santa Fe",1,1,30.0,https://departamento.mercadolibre.com.ar/MLA-1457721403-vera-mujica-1200-departamento-monoambiente-en-alquiler-en-rosario-echesortu-_JM#polycard_client=search-nordic&position=10&search_layout=grid&type=item&tracking_id=1d2ff805-3ab3-4da5-9224-1917ef8b99c0
3 De Febrero Al 1800 Alquiler Departamento 1 Dormitorio En Rosario,320000.0,"3 DE Febrero AL 1800, Centro, Rosario, Santa Fe",2,1,38.0,https://departamento.mercadolibre.com.ar/MLA-1946333358-3-de-febrero-al-1800-alquiler-departamento-1-dormitorio-en-rosario-_JM#polycard_client=search-nordic&position=11&search_layout=grid&type=item&tracking_id=1d2ff805-3ab3-4da5-9224-1917ef8b99c0
3 De Febrero Al 1800 Alquiler Departamento 1 Dormitorio En Rosario,320000.0,"3 DE Febrero AL 1800, Centro, Rosario, Santa Fe",2,1,38.0,https://departamento.mercadolibre.com.ar/MLA-1457743903-3-de-febrero-al-1800-alquiler-departamento-1-dormitorio-en-rosario-_JM#polycard_client=search-nordic&position=12&search_layout=grid&type=item&tracking_id=1d2ff805-3ab3-4da5-9224-1917ef8b99c0
Departamento 2 Dormitorios,420000.0,"Pellegrini 868, Centro, Rosario, Santa Fe",4,1,1.0,https://departamento.mercadolibre.com.ar/MLA-1457767085-departamento-2-dormitorios-_JM#polycard_client=search-nordic&position=1&search_layout=grid&type=item&tracking_id=05cb9337-826e-4551-9413-4ce7292f2136
